start_id,step_id,timestamp,pre_base_x,pre_base_y,pre_base_z,pre_base_yaw,post_base_x,post_base_y,post_base_z,post_base_yaw,rgb_available,depth_available,camera_pointcloud_available,depth_valid_ratio,pointcloud_point_count,known_ratio_before,known_ratio_after,known_ratio_delta,occupied_cells,known_free_cells,unknown_cells,candidate_count,valid_candidate_count,positive_gain_candidate_count,selected_candidate_id,selected_score,selected_information_gain,selected_path_cost,target_language,parse_success,validation_success,target_pose_lookup_success,movement_success,fallback_used,fallback_reason,collision_flag,stuck_flag,falling_flag,failure_reason,phase,scene_id,scene_path,robot_platform,robot_source,sensor_method,camera_pointcloud_source,geometry_proxy_used,mounted_geometry_proxy_used
0,0,1780916353.396,0.0,-2.1994,0.5967,0.0,0.3822,-1.2759,0.5967,1.1781,True,True,True,0.8307,985,0.039844,0.061562,0.061562,85,309,6006,24,23,23,5,186.7754,187,1.1228,Go to candidate 5.,True,True,True,True,False,,False,False,False,,New Scene Phase G long rollout data collection,building_scene_1_scene_20260608_171052,/home/ubuntu22/VLA/scenes/new_scene_building_scene_1_repaired/building_scene_1_repaired.usda,unitree_a1,existing_usd_prim,real_isaac_omniverse_rgbd,depth_backprojection,false,false
0,1,1780916353.933,0.3822,-1.2759,0.5967,1.1781,-0.3239,-1.9836,0.5967,-2.3562,True,True,True,0.9649,1155,0.061562,0.1,0.038438,85,555,5760,24,22,22,7,188.7823,189,1.0885,Go to candidate 7.,True,True,True,True,False,,False,False,False,,New Scene Phase G long rollout data collection,building_scene_1_scene_20260608_171052,/home/ubuntu22/VLA/scenes/new_scene_building_scene_1_repaired/building_scene_1_repaired.usda,unitree_a1,existing_usd_prim,real_isaac_omniverse_rgbd,depth_backprojection,false,false
0,2,1780916354.45,-0.3239,-1.9836,0.5967,-2.3562,-1.2484,-1.601,0.5967,2.7489,True,True,True,0.7602,890,0.1,0.127812,0.027812,109,709,5582,24,22,22,2,186.7194,187,1.4028,Go to candidate 2.,True,True,True,True,False,,False,False,False,,New Scene Phase G long rollout data collection,building_scene_1_scene_20260608_171052,/home/ubuntu22/VLA/scenes/new_scene_building_scene_1_repaired/building_scene_1_repaired.usda,unitree_a1,existing_usd_prim,real_isaac_omniverse_rgbd,depth_backprojection,false,false
0,3,1780916354.958,-1.2484,-1.601,0.5967,2.7489,0.3078,-3.1557,0.5967,-0.7854,True,True,True,0.9356,1113,0.127812,0.161562,0.03375,109,925,5366,24,22,22,15,188.484,189,2.5799,Go to candidate 15.,True,True,True,True,False,,False,False,False,,New Scene Phase G long rollout data collection,building_scene_1_scene_20260608_171052,/home/ubuntu22/VLA/scenes/new_scene_building_scene_1_repaired/building_scene_1_repaired.usda,unitree_a1,existing_usd_prim,real_isaac_omniverse_rgbd,depth_backprojection,false,false
0,4,1780916355.481,0.3078,-3.1557,0.5967,-0.7854,-1.0708,0.1696,0.5967,1.9635,True,True,True,0.7582,891,0.161562,0.225312,0.06375,148,1294,4958,24,22,22,23,185.1,186,4.4999,Go to candidate 23.,True,True,True,True,False,,False,False,False,,New Scene Phase G long rollout data collection,building_scene_1_scene_20260608_171052,/home/ubuntu22/VLA/scenes/new_scene_building_scene_1_repaired/building_scene_1_repaired.usda,unitree_a1,existing_usd_prim,real_isaac_omniverse_rgbd,depth_backprojection,false,false
0,5,1780916356.022,-1.0708,0.1696,0.5967,1.9635,1.4749,2.7158,0.5967,0.7854,True,True,True,0.9996,1200,0.225312,0.232656,0.007344,164,1325,4911,24,16,16,18,186.372,188,8.1399,Go to candidate 18.,True,True,True,True,False,,False,False,False,,New Scene Phase G long rollout data collection,building_scene_1_scene_20260608_171052,/home/ubuntu22/VLA/scenes/new_scene_building_scene_1_repaired/building_scene_1_repaired.usda,unitree_a1,existing_usd_prim,real_isaac_omniverse_rgbd,depth_backprojection,false,false
0,6,1780916356.54,1.4749,2.7158,0.5967,0.7854,2.3994,2.3333,0.5967,-0.3927,True,True,True,1.0,1200,0.232656,0.24,0.007344,175,1361,4864,24,15,15,2,179.7589,180,1.2057,Go to candidate 2.,True,True,True,True,False,,False,False,False,,New Scene Phase G long rollout data collection,building_scene_1_scene_20260608_171052,/home/ubuntu22/VLA/scenes/new_scene_building_scene_1_repaired/building_scene_1_repaired.usda,unitree_a1,existing_usd_prim,real_isaac_omniverse_rgbd,depth_backprojection,false,false
0,7,1780916357.05,2.3994,2.3333,0.5967,-0.3927,-0.1459,-0.2133,0.5967,-2.3562,True,True,True,1.0,1200,0.24,0.256875,0.016875,241,1403,4756,24,14,14,17,111.7812,113,6.0942,Go to candidate 17.,True,True,True,True,False,,False,False,False,,New Scene Phase G long rollout data collection,building_scene_1_scene_20260608_171052,/home/ubuntu22/VLA/scenes/new_scene_building_scene_1_repaired/building_scene_1_repaired.usda,unitree_a1,existing_usd_prim,real_isaac_omniverse_rgbd,depth_backprojection,false,false
0,8,1780916357.518,-0.1459,-0.2133,0.5967,-2.3562,-3.4721,-1.591,0.5967,-2.7489,True,True,True,0.7524,883,0.256875,0.269844,0.012969,241,1486,4673,24,17,17,19,169.1406,170,4.2971,Go to candidate 19.,True,True,True,True,False,,False,False,False,,New Scene Phase G long rollout data collection,building_scene_1_scene_20260608_171052,/home/ubuntu22/VLA/scenes/new_scene_building_scene_1_repaired/building_scene_1_repaired.usda,unitree_a1,existing_usd_prim,real_isaac_omniverse_rgbd,depth_backprojection,false,false
0,9,1780916357.988,-3.4721,-1.591,0.5967,-2.7489,-3.4717,-2.5905,0.5967,-1.5708,True,True,True,0.7529,886,0.269844,0.330937,0.061093,241,1877,4282,24,20,18,5,163.752,164,1.24,Go to candidate 5.,True,True,True,True,False,,False,False,False,,New Scene Phase G long rollout data collection,building_scene_1_scene_20260608_171052,/home/ubuntu22/VLA/scenes/new_scene_building_scene_1_repaired/building_scene_1_repaired.usda,unitree_a1,existing_usd_prim,real_isaac_omniverse_rgbd,depth_backprojection,false,false
0,10,1780916358.468,-3.4717,-2.5905,0.5967,-1.5708,-4.8505,0.7353,0.5967,1.9635,True,True,True,0.7815,911,0.330937,0.337187,0.00625,264,1894,4242,24,21,20,16,160.8949,162,5.5255,Go to candidate 16.,True,True,True,True,False,,False,False,False,,New Scene Phase G long rollout data collection,building_scene_1_scene_20260608_171052,/home/ubuntu22/VLA/scenes/new_scene_building_scene_1_repaired/building_scene_1_repaired.usda,unitree_a1,existing_usd_prim,real_isaac_omniverse_rgbd,depth_backprojection,false,false
0,11,1780916358.943,-4.8505,0.7353,0.5967,1.9635,-5.5575,1.4422,0.5967,2.3562,True,True,True,1.0,1200,0.337187,0.348281,0.011094,272,1957,4171,24,15,15,4,166.7423,167,1.2885,Go to candidate 4.,True,True,True,True,False,,False,False,False,,New Scene Phase G long rollout data collection,building_scene_1_scene_20260608_171052,/home/ubuntu22/VLA/scenes/new_scene_building_scene_1_repaired/building_scene_1_repaired.usda,unitree_a1,existing_usd_prim,real_isaac_omniverse_rgbd,depth_backprojection,false,false
0,12,1780916359.411,-5.5575,1.4422,0.5967,2.3562,-6.3984,-0.5901,0.5967,-1.9635,True,True,True,1.0,1200,0.348281,0.377969,0.029688,272,2147,3981,24,18,17,14,148.4537,149,2.7314,Go to candidate 14.,True,True,True,True,False,,False,False,False,,New Scene Phase G long rollout data collection,building_scene_1_scene_20260608_171052,/home/ubuntu22/VLA/scenes/new_scene_building_scene_1_repaired/building_scene_1_repaired.usda,unitree_a1,existing_usd_prim,real_isaac_omniverse_rgbd,depth_backprojection,false,false
0,13,1780916359.862,-6.3984,-0.5901,0.5967,-1.9635,-5.6914,-1.2966,0.5967,-0.7854,True,True,True,0.7626,898,0.377969,0.394062,0.016093,272,2250,3878,24,16,16,5,135.7583,136,1.2085,Go to candidate 5.,True,True,True,True,False,,False,False,False,,New Scene Phase G long rollout data collection,building_scene_1_scene_20260608_171052,/home/ubuntu22/VLA/scenes/new_scene_building_scene_1_repaired/building_scene_1_repaired.usda,unitree_a1,existing_usd_prim,real_isaac_omniverse_rgbd,depth_backprojection,false,false
0,14,1780916360.348,-5.6914,-1.2966,0.5967,-0.7854,-6.5343,0.7354,0.5967,1.9635,True,True,True,0.7629,892,0.394062,0.417812,0.02375,272,2402,3726,24,20,19,15,110.4697,111,2.6514,Go to candidate 15.,True,True,True,True,False,,False,False,False,,New Scene Phase G long rollout data collection,building_scene_1_scene_20260608_171052,/home/ubuntu22/VLA/scenes/new_scene_building_scene_1_repaired/building_scene_1_repaired.usda,unitree_a1,existing_usd_prim,real_isaac_omniverse_rgbd,depth_backprojection,false,false
0,15,1780916360.846,-6.5343,0.7354,0.5967,1.9635,-4.3338,0.7362,0.5967,0.0,True,True,True,1.0,1200,0.417812,0.421563,0.003751,279,2419,3702,24,12,12,9,90.448,91,2.76,Go to candidate 9.,True,True,True,True,False,,False,False,False,,New Scene Phase G long rollout data collection,building_scene_1_scene_20260608_171052,/home/ubuntu22/VLA/scenes/new_scene_building_scene_1_repaired/building_scene_1_repaired.usda,unitree_a1,existing_usd_prim,real_isaac_omniverse_rgbd,depth_backprojection,false,false
0,16,1780916361.312,-4.3338,0.7362,0.5967,0.0,-5.7109,-2.5906,0.5967,-1.9635,True,True,True,1.0,1200,0.421563,0.443437,0.021874,279,2559,3562,24,13,12,17,89.9892,91,5.0542,Go to candidate 17.,True,True,True,True,False,,False,False,False,,New Scene Phase G long rollout data collection,building_scene_1_scene_20260608_171052,/home/ubuntu22/VLA/scenes/new_scene_building_scene_1_repaired/building_scene_1_repaired.usda,unitree_a1,existing_usd_prim,real_isaac_omniverse_rgbd,depth_backprojection,false,false
0,17,1780916361.781,-5.7109,-2.5906,0.5967,-1.9635,-4.7114,-2.5898,0.5967,-0.0,True,True,True,0.7698,906,0.443437,0.462656,0.019219,330,2631,3439,24,18,17,6,87.768,88,1.16,Go to candidate 6.,True,True,True,True,False,,False,False,False,,New Scene Phase G long rollout data collection,building_scene_1_scene_20260608_171052,/home/ubuntu22/VLA/scenes/new_scene_building_scene_1_repaired/building_scene_1_repaired.usda,unitree_a1,existing_usd_prim,real_isaac_omniverse_rgbd,depth_backprojection,false,false
0,18,1780916362.272,-4.7114,-2.5898,0.5967,-0.0,-1.3853,-3.9675,0.5967,-0.3927,True,True,True,0.8351,991,0.462656,0.467969,0.005313,330,2665,3405,24,20,18,19,148.124,149,4.3799,Go to candidate 19.,True,True,True,True,False,,False,False,False,,New Scene Phase G long rollout data collection,building_scene_1_scene_20260608_171052,/home/ubuntu22/VLA/scenes/new_scene_building_scene_1_repaired/building_scene_1_repaired.usda,unitree_a1,existing_usd_prim,real_isaac_omniverse_rgbd,depth_backprojection,false,false
0,19,1780916362.756,-1.3853,-3.9675,0.5967,-0.3927,2.2145,-3.9675,0.5967,-0.0,True,True,True,0.7523,882,0.467969,0.482656,0.014687,330,2759,3311,24,21,21,20,186.04,187,4.8,Go to candidate 20.,True,True,True,True,False,,False,False,False,,New Scene Phase G long rollout data collection,building_scene_1_scene_20260608_171052,/home/ubuntu22/VLA/scenes/new_scene_building_scene_1_repaired/building_scene_1_repaired.usda,unitree_a1,existing_usd_prim,real_isaac_omniverse_rgbd,depth_backprojection,false,false
1,0,1780916363.338,0.4499,-2.1994,0.5967,0.25,-0.1498,-1.3998,0.5967,2.2135,True,True,True,0.89,1064,0.042656,0.05875,0.05875,95,281,6024,24,22,22,6,188.7423,189,1.2885,Go to candidate 6.,True,True,True,True,False,,False,False,False,,New Scene Phase G long rollout data collection,building_scene_1_scene_20260608_171052,/home/ubuntu22/VLA/scenes/new_scene_building_scene_1_repaired/building_scene_1_repaired.usda,unitree_a1,existing_usd_prim,real_isaac_omniverse_rgbd,depth_backprojection,false,false
1,1,1780916363.874,-0.1498,-1.3998,0.5967,2.2135,-1.2712,-3.2919,0.5967,-2.1062,True,True,True,1.0,1200,0.05875,0.112187,0.053437,95,623,5682,24,20,20,14,185.4126,186,2.9371,Go to candidate 14.,True,True,True,True,False,,False,False,False,,New Scene Phase G long rollout data collection,building_scene_1_scene_20260608_171052,/home/ubuntu22/VLA/scenes/new_scene_building_scene_1_repaired/building_scene_1_repaired.usda,unitree_a1,existing_usd_prim,real_isaac_omniverse_rgbd,depth_backprojection,false,false
1,2,1780916364.37,-1.2712,-3.2919,0.5967,-2.1062,0.8864,-6.1731,0.5967,-0.9281,True,True,True,0.7679,901,0.112187,0.137187,0.025,95,783,5522,24,22,22,21,187.0497,188,4.7513,Go to candidate 21.,True,True,True,True,False,,False,False,False,,New Scene Phase G long rollout data collection,building_scene_1_scene_20260608_171052,/home/ubuntu22/VLA/scenes/new_scene_building_scene_1_repaired/building_scene_1_repaired.usda,unitree_a1,existing_usd_prim,real_isaac_omniverse_rgbd,depth_backprojection,false,false
1,3,1780916364.884,0.8864,-6.1731,0.5967,-0.9281,1.8547,-5.9254,0.5967,0.25,True,True,True,0.7855,920,0.137187,0.169844,0.032657,95,992,5313,24,24,24,5,186.7194,187,1.4028,Go to candidate 5.,True,True,True,True,False,,False,False,False,,New Scene Phase G long rollout data collection,building_scene_1_scene_20260608_171052,/home/ubuntu22/VLA/scenes/new_scene_building_scene_1_repaired/building_scene_1_repaired.usda,unitree_a1,existing_usd_prim,real_isaac_omniverse_rgbd,depth_backprojection,false,false
1,4,1780916365.387,1.8547,-5.9254,0.5967,0.25,2.8447,-6.0676,0.5967,-0.1427,True,True,True,0.8058,954,0.169844,0.171563,0.001719,95,1003,5302,24,23,23,3,186.7754,187,1.1228,Go to candidate 3.,True,True,True,True,False,,False,False,False,,New Scene Phase G long rollout data collection,building_scene_1_scene_20260608_171052,/home/ubuntu22/VLA/scenes/new_scene_building_scene_1_repaired/building_scene_1_repaired.usda,unitree_a1,existing_usd_prim,real_isaac_omniverse_rgbd,depth_backprojection,false,false
1,5,1780916365.872,2.8447,-6.0676,0.5967,-0.1427,3.705,-6.5779,0.5967,-0.5354,True,True,True,0.75,880,0.171563,0.182031,0.010468,95,1070,5235,24,23,23,3,186.7189,187,1.4057,Go to candidate 3.,True,True,True,True,False,,False,False,False,,New Scene Phase G long rollout data collection,building_scene_1_scene_20260608_171052,/home/ubuntu22/VLA/scenes/new_scene_building_scene_1_repaired/building_scene_1_repaired.usda,unitree_a1,existing_usd_prim,real_isaac_omniverse_rgbd,depth_backprojection,false,false
1,6,1780916366.354,3.705,-6.5779,0.5967,-0.5354,4.6947,-6.72,0.5967,-0.1427,True,True,True,0.7568,888,0.182031,0.18375,0.001719,95,1081,5224,24,24,23,4,183.7354,184,1.3228,Go to candidate 4.,True,True,True,True,False,,False,False,False,,New Scene Phase G long rollout data collection,building_scene_1_scene_20260608_171052,/home/ubuntu22/VLA/scenes/new_scene_building_scene_1_repaired/building_scene_1_repaired.usda,unitree_a1,existing_usd_prim,real_isaac_omniverse_rgbd,depth_backprojection,false,false
1,7,1780916367.056,4.6947,-6.72,0.5967,-0.1427,1.2067,-7.6118,0.5967,-2.8916,True,True,True,0.75,880,0.18375,0.194844,0.011094,95,1152,5153,24,23,23,16,185.1012,186,4.4942,Go to candidate 16.,True,True,True,True,False,,False,False,False,,New Scene Phase G long rollout data collection,building_scene_1_scene_20260608_171052,/home/ubuntu22/VLA/scenes/new_scene_building_scene_1_repaired/building_scene_1_repaired.usda,unitree_a1,existing_usd_prim,real_isaac_omniverse_rgbd,depth_backprojection,false,false
1,8,1780916367.556,1.2067,-7.6118,0.5967,-2.8916,1.5189,-5.4335,0.5967,1.4281,True,True,True,0.761,895,0.194844,0.259688,0.064844,163,1499,4738,24,22,22,9,187.4789,188,2.6057,Go to candidate 9.,True,True,True,True,False,,False,False,False,,New Scene Phase G long rollout data collection,building_scene_1_scene_20260608_171052,/home/ubuntu22/VLA/scenes/new_scene_building_scene_1_repaired/building_scene_1_repaired.usda,unitree_a1,existing_usd_prim,real_isaac_omniverse_rgbd,depth_backprojection,false,false
1,9,1780916368.116,1.5189,-5.4335,0.5967,1.4281,-1.5771,-3.5975,0.5967,2.6062,True,True,True,0.9861,1180,0.259688,0.305625,0.045937,180,1776,4444,24,23,23,21,186.0023,187,4.9884,Go to candidate 21.,True,True,True,True,False,,False,False,False,,New Scene Phase G long rollout data collection,building_scene_1_scene_20260608_171052,/home/ubuntu22/VLA/scenes/new_scene_building_scene_1_repaired/building_scene_1_repaired.usda,unitree_a1,existing_usd_prim,real_isaac_omniverse_rgbd,depth_backprojection,false,false
1,10,1780916368.622,-1.5771,-3.5975,0.5967,2.6062,-0.977,-4.3971,0.5967,-0.9281,True,True,True,0.9248,1101,0.305625,0.328437,0.022812,180,1922,4298,24,21,21,7,156.7583,157,1.2085,Go to candidate 7.,True,True,True,True,False,,False,False,False,,New Scene Phase G long rollout data collection,building_scene_1_scene_20260608_171052,/home/ubuntu22/VLA/scenes/new_scene_building_scene_1_repaired/building_scene_1_repaired.usda,unitree_a1,existing_usd_prim,real_isaac_omniverse_rgbd,depth_backprojection,false,false
1,11,1780916369.111,-0.977,-4.3971,0.5967,-0.9281,-4.4654,-5.2887,0.5967,-2.8916,True,True,True,0.7714,909,0.328437,0.334531,0.006094,180,1961,4259,24,21,21,17,184.1412,185,4.2942,Go to candidate 17.,True,True,True,True,False,,False,False,False,,New Scene Phase G long rollout data collection,building_scene_1_scene_20260608_171052,/home/ubuntu22/VLA/scenes/new_scene_building_scene_1_repaired/building_scene_1_repaired.usda,unitree_a1,existing_usd_prim,real_isaac_omniverse_rgbd,depth_backprojection,false,false
1,12,1780916369.616,-4.4654,-5.2887,0.5967,-2.8916,-2.7049,-3.9691,0.5967,0.6427,True,True,True,0.7545,886,0.334531,0.3675,0.032969,290,2062,4048,24,23,23,8,145.396,146,3.0199,Go to candidate 8.,True,True,True,True,False,,False,False,False,,New Scene Phase G long rollout data collection,building_scene_1_scene_20260608_171052,/home/ubuntu22/VLA/scenes/new_scene_building_scene_1_repaired/building_scene_1_repaired.usda,unitree_a1,existing_usd_prim,real_isaac_omniverse_rgbd,depth_backprojection,false,false
1,13,1780916370.15,-2.7049,-3.9691,0.5967,0.6427,-3.6733,-4.2175,0.5967,-2.8916,True,True,True,0.9702,1166,0.3675,0.372969,0.005469,290,2097,4013,24,22,22,7,167.7029,168,1.4857,Go to candidate 7.,True,True,True,True,False,,False,False,False,,New Scene Phase G long rollout data collection,building_scene_1_scene_20260608_171052,/home/ubuntu22/VLA/scenes/new_scene_building_scene_1_repaired/building_scene_1_repaired.usda,unitree_a1,existing_usd_prim,real_isaac_omniverse_rgbd,depth_backprojection,false,false
1,14,1780916370.63,-3.6733,-4.2175,0.5967,-2.8916,-4.6633,-4.0753,0.5967,2.9989,True,True,True,0.7528,884,0.372969,0.379219,0.00625,290,2137,3973,24,23,23,3,176.7354,177,1.3228,Go to candidate 3.,True,True,True,True,False,,False,False,False,,New Scene Phase G long rollout data collection,building_scene_1_scene_20260608_171052,/home/ubuntu22/VLA/scenes/new_scene_building_scene_1_repaired/building_scene_1_repaired.usda,unitree_a1,existing_usd_prim,real_isaac_omniverse_rgbd,depth_backprojection,false,false
1,15,1780916371.104,-4.6633,-4.0753,0.5967,2.9989,-5.1729,-4.9351,0.5967,-2.1062,True,True,True,0.7816,917,0.379219,0.398594,0.019375,290,2261,3849,24,22,21,5,118.7423,119,1.2885,Go to candidate 5.,True,True,True,True,False,,False,False,False,,New Scene Phase G long rollout data collection,building_scene_1_scene_20260608_171052,/home/ubuntu22/VLA/scenes/new_scene_building_scene_1_repaired/building_scene_1_repaired.usda,unitree_a1,existing_usd_prim,real_isaac_omniverse_rgbd,depth_backprojection,false,false
1,16,1780916371.565,-5.1729,-4.9351,0.5967,-2.1062,-1.6099,-5.4462,0.5967,-0.1427,True,True,True,0.7845,922,0.398594,0.399531,0.000937,290,2267,3843,24,22,21,22,105.1663,106,4.1685,Go to candidate 22.,True,True,True,True,False,,False,False,False,,New Scene Phase G long rollout data collection,building_scene_1_scene_20260608_171052,/home/ubuntu22/VLA/scenes/new_scene_building_scene_1_repaired/building_scene_1_repaired.usda,unitree_a1,existing_usd_prim,real_isaac_omniverse_rgbd,depth_backprojection,false,false
1,17,1780916372.051,-1.6099,-5.4462,0.5967,-0.1427,-3.5025,-4.3249,0.5967,2.6062,True,True,True,0.75,880,0.399531,0.413281,0.01375,292,2353,3755,24,23,23,15,118.5086,119,2.4571,Go to candidate 15.,True,True,True,True,False,,False,False,False,,New Scene Phase G long rollout data collection,building_scene_1_scene_20260608_171052,/home/ubuntu22/VLA/scenes/new_scene_building_scene_1_repaired/building_scene_1_repaired.usda,unitree_a1,existing_usd_prim,real_isaac_omniverse_rgbd,depth_backprojection,false,false
1,18,1780916372.519,-3.5025,-4.3249,0.5967,2.6062,-4.4921,-4.1828,0.5967,2.9989,True,True,True,0.8907,1056,0.413281,0.41375,0.000469,292,2356,3752,24,23,21,4,118.7674,119,1.1628,Go to candidate 4.,True,True,True,True,False,,False,False,False,,New Scene Phase G long rollout data collection,building_scene_1_scene_20260608_171052,/home/ubuntu22/VLA/scenes/new_scene_building_scene_1_repaired/building_scene_1_repaired.usda,unitree_a1,existing_usd_prim,real_isaac_omniverse_rgbd,depth_backprojection,false,false
1,19,1780916372.983,-4.4921,-4.1828,0.5967,2.9989,-5.4608,-4.4302,0.5967,-2.8916,True,True,True,0.7813,917,0.41375,0.415312,0.001562,292,2366,3742,24,22,20,4,113.7349,114,1.3257,Go to candidate 4.,True,True,True,True,False,,False,False,False,,New Scene Phase G long rollout data collection,building_scene_1_scene_20260608_171052,/home/ubuntu22/VLA/scenes/new_scene_building_scene_1_repaired/building_scene_1_repaired.usda,unitree_a1,existing_usd_prim,real_isaac_omniverse_rgbd,depth_backprojection,false,false
2,0,1780916373.546,-0.4499,-2.1994,0.5967,-0.25,0.1489,-1.3991,0.5967,0.9281,True,True,True,0.7656,903,0.019375,0.037031,0.037031,75,162,6163,24,23,23,5,188.7589,189,1.2057,Go to candidate 5.,True,True,True,True,False,,False,False,False,,New Scene Phase G long rollout data collection,building_scene_1_scene_20260608_171052,/home/ubuntu22/VLA/scenes/new_scene_building_scene_1_repaired/building_scene_1_repaired.usda,unitree_a1,existing_usd_prim,real_isaac_omniverse_rgbd,depth_backprojection,false,false
2,1,1780916374.059,0.1489,-1.3991,0.5967,0.9281,-1.7425,-2.5224,0.5967,-2.6062,True,True,True,1.0,1200,0.037031,0.063594,0.026563,75,332,5993,24,19,19,15,185.4446,186,2.7771,Go to candidate 15.,True,True,True,True,False,,False,False,False,,New Scene Phase G long rollout data collection,building_scene_1_scene_20260608_171052,/home/ubuntu22/VLA/scenes/new_scene_building_scene_1_repaired/building_scene_1_repaired.usda,unitree_a1,existing_usd_prim,real_isaac_omniverse_rgbd,depth_backprojection,false,false
2,2,1780916374.577,-1.7425,-2.5224,0.5967,-2.6062,-2.0563,-0.3443,0.5967,1.7135,True,True,True,0.7544,888,0.063594,0.065625,0.002031,79,341,5980,24,23,23,9,186.3669,187,3.1657,Go to candidate 9.,True,True,True,True,False,,False,False,False,,New Scene Phase G long rollout data collection,building_scene_1_scene_20260608_171052,/home/ubuntu22/VLA/scenes/new_scene_building_scene_1_repaired/building_scene_1_repaired.usda,unitree_a1,existing_usd_prim,real_isaac_omniverse_rgbd,depth_backprojection,false,false
2,3,1780916375.09,-2.0563,-0.3443,0.5967,1.7135,-3.0248,-0.0974,0.5967,2.8916,True,True,True,1.0,1200,0.065625,0.070938,0.005313,95,359,5946,24,23,23,5,187.7754,188,1.1228,Go to candidate 5.,True,True,True,True,False,,False,False,False,,New Scene Phase G long rollout data collection,building_scene_1_scene_20260608_171052,/home/ubuntu22/VLA/scenes/new_scene_building_scene_1_repaired/building_scene_1_repaired.usda,unitree_a1,existing_usd_prim,real_isaac_omniverse_rgbd,depth_backprojection,false,false
2,4,1780916375.606,-3.0248,-0.0974,0.5967,2.8916,-5.1818,-2.9789,0.5967,-2.2135,True,True,True,0.9345,1112,0.070938,0.104063,0.033125,95,571,5734,24,22,21,21,187.0497,188,4.7513,Go to candidate 21.,True,True,True,True,False,,False,False,False,,New Scene Phase G long rollout data collection,building_scene_1_scene_20260608_171052,/home/ubuntu22/VLA/scenes/new_scene_building_scene_1_repaired/building_scene_1_repaired.usda,unitree_a1,existing_usd_prim,real_isaac_omniverse_rgbd,depth_backprojection,false,false
2,5,1780916376.099,-5.1818,-2.9789,0.5967,-2.2135,-3.3451,-6.0745,0.5967,-1.0354,True,True,True,0.7657,895,0.104063,0.135781,0.031718,95,774,5531,24,23,23,21,185.0669,186,4.6656,Go to candidate 21.,True,True,True,True,False,,False,False,False,,New Scene Phase G long rollout data collection,building_scene_1_scene_20260608_171052,/home/ubuntu22/VLA/scenes/new_scene_building_scene_1_repaired/building_scene_1_repaired.usda,unitree_a1,existing_usd_prim,real_isaac_omniverse_rgbd,depth_backprojection,false,false
2,6,1780916376.604,-3.3451,-6.0745,0.5967,-1.0354,-2.3558,-5.9319,0.5967,0.1427,True,True,True,0.7908,931,0.135781,0.192188,0.056407,104,1126,5170,24,24,24,5,184.7194,185,1.4028,Go to candidate 5.,True,True,True,True,False,,False,False,False,,New Scene Phase G long rollout data collection,building_scene_1_scene_20260608_171052,/home/ubuntu22/VLA/scenes/new_scene_building_scene_1_repaired/building_scene_1_repaired.usda,unitree_a1,existing_usd_prim,real_isaac_omniverse_rgbd,depth_backprojection,false,false
2,7,1780916377.106,-2.3558,-5.9319,0.5967,0.1427,1.1325,-6.8226,0.5967,-0.25,True,True,True,0.8128,965,0.192188,0.194062,0.001874,104,1138,5158,24,24,24,19,185.012,186,4.9399,Go to candidate 19.,True,True,True,True,False,,False,False,False,,New Scene Phase G long rollout data collection,building_scene_1_scene_20260608_171052,/home/ubuntu22/VLA/scenes/new_scene_building_scene_1_repaired/building_scene_1_repaired.usda,unitree_a1,existing_usd_prim,real_isaac_omniverse_rgbd,depth_backprojection,false,false
2,8,1780916377.587,1.1325,-6.8226,0.5967,-0.25,2.1222,-6.6804,0.5967,0.1427,True,True,True,0.7502,880,0.194062,0.204063,0.010001,104,1202,5094,24,23,23,4,186.7354,187,1.3228,Go to candidate 4.,True,True,True,True,False,,False,False,False,,New Scene Phase G long rollout data collection,building_scene_1_scene_20260608_171052,/home/ubuntu22/VLA/scenes/new_scene_building_scene_1_repaired/building_scene_1_repaired.usda,unitree_a1,existing_usd_prim,real_isaac_omniverse_rgbd,depth_backprojection,false,false
2,9,1780916378.06,2.1222,-6.6804,0.5967,0.1427,3.0913,-6.9278,0.5967,-0.25,True,True,True,0.7574,893,0.204063,0.205781,0.001718,104,1213,5083,24,24,23,3,184.7354,185,1.3228,Go to candidate 3.,True,True,True,True,False,,False,False,False,,New Scene Phase G long rollout data collection,building_scene_1_scene_20260608_171052,/home/ubuntu22/VLA/scenes/new_scene_building_scene_1_repaired/building_scene_1_repaired.usda,unitree_a1,existing_usd_prim,real_isaac_omniverse_rgbd,depth_backprojection,false,false
2,10,1780916378.506,3.0913,-6.9278,0.5967,-0.25,4.081,-6.7856,0.5967,0.1427,True,True,True,0.75,880,0.205781,0.2075,0.001719,104,1224,5072,24,23,23,4,184.7354,185,1.3228,Go to candidate 4.,True,True,True,True,False,,False,False,False,,New Scene Phase G long rollout data collection,building_scene_1_scene_20260608_171052,/home/ubuntu22/VLA/scenes/new_scene_building_scene_1_repaired/building_scene_1_repaired.usda,unitree_a1,existing_usd_prim,real_isaac_omniverse_rgbd,depth_backprojection,false,false
2,11,1780916378.984,4.081,-6.7856,0.5967,0.1427,3.2213,-7.2969,0.5967,-2.6062,True,True,True,0.75,880,0.2075,0.223438,0.015938,104,1326,4970,24,22,22,0,173.7583,174,1.2085,Go to candidate 0.,True,True,True,True,False,,False,False,False,,New Scene Phase G long rollout data collection,building_scene_1_scene_20260608_171052,/home/ubuntu22/VLA/scenes/new_scene_building_scene_1_repaired/building_scene_1_repaired.usda,unitree_a1,existing_usd_prim,real_isaac_omniverse_rgbd,depth_backprojection,false,false
2,12,1780916379.474,3.2213,-7.2969,0.5967,-2.6062,4.2107,-7.1536,0.5967,0.1427,True,True,True,0.7835,922,0.223438,0.224531,0.001093,104,1333,4963,24,23,22,7,182.7354,183,1.3228,Go to candidate 7.,True,True,True,True,False,,False,False,False,,New Scene Phase G long rollout data collection,building_scene_1_scene_20260608_171052,/home/ubuntu22/VLA/scenes/new_scene_building_scene_1_repaired/building_scene_1_repaired.usda,unitree_a1,existing_usd_prim,real_isaac_omniverse_rgbd,depth_backprojection,false,false
2,13,1780916379.93,4.2107,-7.1536,0.5967,0.1427,5.0706,-6.6435,0.5967,0.5354,True,True,True,0.75,880,0.224531,0.236094,0.011563,104,1407,4889,24,21,21,4,154.7749,155,1.1257,Go to candidate 4.,True,True,True,True,False,,False,False,False,,New Scene Phase G long rollout data collection,building_scene_1_scene_20260608_171052,/home/ubuntu22/VLA/scenes/new_scene_building_scene_1_repaired/building_scene_1_repaired.usda,unitree_a1,existing_usd_prim,real_isaac_omniverse_rgbd,depth_backprojection,false,false
2,14,1780916380.424,5.0706,-6.6435,0.5967,0.5354,5.2137,-7.6337,0.5967,-1.4281,True,True,True,0.8183,970,0.236094,0.250781,0.014687,104,1501,4795,24,21,21,1,162.7194,163,1.4028,Go to candidate 1.,True,True,True,True,False,,False,False,False,,New Scene Phase G long rollout data collection,building_scene_1_scene_20260608_171052,/home/ubuntu22/VLA/scenes/new_scene_building_scene_1_repaired/building_scene_1_repaired.usda,unitree_a1,existing_usd_prim,real_isaac_omniverse_rgbd,depth_backprojection,false,false
2,15,1780916380.952,5.2137,-7.6337,0.5967,-1.4281,4.7024,-6.7741,0.5967,2.1062,True,True,True,0.8269,978,0.250781,0.353125,0.102344,174,2086,4140,24,20,19,0,157.7183,158,1.4085,Go to candidate 0.,True,True,True,True,False,,False,False,False,,New Scene Phase G long rollout data collection,building_scene_1_scene_20260608_171052,/home/ubuntu22/VLA/scenes/new_scene_building_scene_1_repaired/building_scene_1_repaired.usda,unitree_a1,existing_usd_prim,real_isaac_omniverse_rgbd,depth_backprojection,false,false
2,16,1780916381.476,4.7024,-6.7741,0.5967,2.1062,2.5254,-7.0873,0.5967,-2.9989,True,True,True,1.0,1200,0.353125,0.363281,0.010156,174,2151,4075,24,21,21,13,144.4789,145,2.6057,Go to candidate 13.,True,True,True,True,False,,False,False,False,,New Scene Phase G long rollout data collection,building_scene_1_scene_20260608_171052,/home/ubuntu22/VLA/scenes/new_scene_building_scene_1_repaired/building_scene_1_repaired.usda,unitree_a1,existing_usd_prim,real_isaac_omniverse_rgbd,depth_backprojection,false,false
2,17,1780916381.928,2.5254,-7.0873,0.5967,-2.9989,1.5563,-6.8399,0.5967,2.8916,True,True,True,0.7572,891,0.363281,0.424687,0.061406,182,2536,3682,24,23,21,3,146.8074,147,0.9628,Go to candidate 3.,True,True,True,True,False,,False,False,False,,New Scene Phase G long rollout data collection,building_scene_1_scene_20260608_171052,/home/ubuntu22/VLA/scenes/new_scene_building_scene_1_repaired/building_scene_1_repaired.usda,unitree_a1,existing_usd_prim,real_isaac_omniverse_rgbd,depth_backprojection,false,false
2,18,1780916382.397,1.5563,-6.8399,0.5967,2.8916,2.3573,-7.4382,0.5967,-0.6427,True,True,True,0.82,964,0.424687,0.433594,0.008907,182,2593,3625,24,23,21,7,149.7743,150,1.1285,Go to candidate 7.,True,True,True,True,False,,False,False,False,,New Scene Phase G long rollout data collection,building_scene_1_scene_20260608_171052,/home/ubuntu22/VLA/scenes/new_scene_building_scene_1_repaired/building_scene_1_repaired.usda,unitree_a1,existing_usd_prim,real_isaac_omniverse_rgbd,depth_backprojection,false,false
2,19,1780916382.864,2.3573,-7.4382,0.5967,-0.6427,4.2488,-6.3158,0.5967,0.5354,True,True,True,0.7819,924,0.433594,0.444688,0.011094,182,2664,3554,24,22,21,13,126.5246,127,2.3771,Go to candidate 13.,True,True,True,True,False,,False,False,False,,New Scene Phase G long rollout data collection,building_scene_1_scene_20260608_171052,/home/ubuntu22/VLA/scenes/new_scene_building_scene_1_repaired/building_scene_1_repaired.usda,unitree_a1,existing_usd_prim,real_isaac_omniverse_rgbd,depth_backprojection,false,false
3,0,1780916383.41,-0.0003,-1.7495,0.5967,0.5,0.7791,-2.3769,0.5967,-0.6781,True,True,True,0.9647,1159,0.037969,0.053437,0.053437,87,255,6058,24,22,22,2,186.7423,187,1.2885,Go to candidate 2.,True,True,True,True,False,,False,False,False,,New Scene Phase G long rollout data collection,building_scene_1_scene_20260608_171052,/home/ubuntu22/VLA/scenes/new_scene_building_scene_1_repaired/building_scene_1_repaired.usda,unitree_a1,existing_usd_prim,real_isaac_omniverse_rgbd,depth_backprojection,false,false
3,1,1780916383.921,0.7791,-2.3769,0.5967,-0.6781,-0.1809,-2.0963,0.5967,2.8562,True,True,True,0.7526,883,0.053437,0.094219,0.040782,156,447,5797,24,21,21,0,189.7909,190,1.0457,Go to candidate 0.,True,True,True,True,False,,False,False,False,,New Scene Phase G long rollout data collection,building_scene_1_scene_20260608_171052,/home/ubuntu22/VLA/scenes/new_scene_building_scene_1_repaired/building_scene_1_repaired.usda,unitree_a1,existing_usd_prim,real_isaac_omniverse_rgbd,depth_backprojection,false,false
3,2,1780916384.441,-0.1809,-2.0963,0.5967,2.8562,-2.4386,-4.8997,0.5967,-2.2489,True,True,True,0.9017,1072,0.094219,0.139844,0.045625,156,739,5505,24,19,19,21,187.0332,188,4.8341,Go to candidate 21.,True,True,True,True,False,,False,False,False,,New Scene Phase G long rollout data collection,building_scene_1_scene_20260608_171052,/home/ubuntu22/VLA/scenes/new_scene_building_scene_1_repaired/building_scene_1_repaired.usda,unitree_a1,existing_usd_prim,real_isaac_omniverse_rgbd,depth_backprojection,false,false
3,3,1780916384.914,-2.4386,-4.8997,0.5967,-2.2489,-1.9591,-5.7767,0.5967,-1.0708,True,True,True,0.7825,921,0.139844,0.167813,0.027969,156,918,5326,24,23,23,5,187.7023,188,1.4885,Go to candidate 5.,True,True,True,True,False,,False,False,False,,New Scene Phase G long rollout data collection,building_scene_1_scene_20260608_171052,/home/ubuntu22/VLA/scenes/new_scene_building_scene_1_repaired/building_scene_1_repaired.usda,unitree_a1,existing_usd_prim,real_isaac_omniverse_rgbd,depth_backprojection,false,false
3,4,1780916385.422,-1.9591,-5.7767,0.5967,-1.0708,-2.7388,-5.15,0.5967,2.4635,True,True,True,0.7941,937,0.167813,0.208437,0.040624,165,1169,5066,24,23,23,0,185.7577,186,1.2114,Go to candidate 0.,True,True,True,True,False,,False,False,False,,New Scene Phase G long rollout data collection,building_scene_1_scene_20260608_171052,/home/ubuntu22/VLA/scenes/new_scene_building_scene_1_repaired/building_scene_1_repaired.usda,unitree_a1,existing_usd_prim,real_isaac_omniverse_rgbd,depth_backprojection,false,false
3,5,1780916385.946,-2.7388,-5.15,0.5967,2.4635,-1.8611,-4.6696,0.5967,0.5,True,True,True,0.9168,1088,0.208437,0.259531,0.051094,208,1453,4739,24,23,23,1,178.7743,179,1.1285,Go to candidate 1.,True,True,True,True,False,,False,False,False,,New Scene Phase G long rollout data collection,building_scene_1_scene_20260608_171052,/home/ubuntu22/VLA/scenes/new_scene_building_scene_1_repaired/building_scene_1_repaired.usda,unitree_a1,existing_usd_prim,real_isaac_omniverse_rgbd,depth_backprojection,false,false
3,6,1780916386.439,-1.8611,-4.6696,0.5967,0.5,-4.0482,-4.9063,0.5967,-3.0343,True,True,True,0.9167,1095,0.259531,0.26125,0.001719,208,1464,4728,24,21,21,15,181.4794,182,2.6028,Go to candidate 15.,True,True,True,True,False,,False,False,False,,New Scene Phase G long rollout data collection,building_scene_1_scene_20260608_171052,/home/ubuntu22/VLA/scenes/new_scene_building_scene_1_repaired/building_scene_1_repaired.usda,unitree_a1,existing_usd_prim,real_isaac_omniverse_rgbd,depth_backprojection,false,false
3,7,1780916386.876,-4.0482,-4.9063,0.5967,-3.0343,-0.5937,-5.9188,0.5967,-0.2854,True,True,True,0.75,880,0.26125,0.263125,0.001875,208,1476,4716,24,24,21,23,177.0692,178,4.6542,Go to candidate 23.,True,True,True,True,False,,False,False,False,,New Scene Phase G long rollout data collection,building_scene_1_scene_20260608_171052,/home/ubuntu22/VLA/scenes/new_scene_building_scene_1_repaired/building_scene_1_repaired.usda,unitree_a1,existing_usd_prim,real_isaac_omniverse_rgbd,depth_backprojection,false,false
3,8,1780916387.341,-0.5937,-5.9188,0.5967,-0.2854,2.9854,-5.5332,0.5967,0.1073,True,True,True,0.7518,880,0.263125,0.272188,0.009063,208,1534,4658,24,24,23,20,184.0789,185,4.6057,Go to candidate 20.,True,True,True,True,False,,False,False,False,,New Scene Phase G long rollout data collection,building_scene_1_scene_20260608_171052,/home/ubuntu22/VLA/scenes/new_scene_building_scene_1_repaired/building_scene_1_repaired.usda,unitree_a1,existing_usd_prim,real_isaac_omniverse_rgbd,depth_backprojection,false,false
3,9,1780916387.83,2.9854,-5.5332,0.5967,0.1073,3.9451,-5.8147,0.5967,-0.2854,True,True,True,0.7596,896,0.272188,0.273906,0.001718,208,1545,4647,24,23,22,3,186.7349,187,1.3257,Go to candidate 3.,True,True,True,True,False,,False,False,False,,New Scene Phase G long rollout data collection,building_scene_1_scene_20260608_171052,/home/ubuntu22/VLA/scenes/new_scene_building_scene_1_repaired/building_scene_1_repaired.usda,unitree_a1,existing_usd_prim,real_isaac_omniverse_rgbd,depth_backprojection,false,false
3,10,1780916388.307,3.9451,-5.8147,0.5967,-0.2854,2.9508,-5.9229,0.5967,-3.0343,True,True,True,0.75,880,0.273906,0.281406,0.0075,208,1593,4599,24,24,23,0,185.768,186,1.16,Go to candidate 0.,True,True,True,True,False,,False,False,False,,New Scene Phase G long rollout data collection,building_scene_1_scene_20260608_171052,/home/ubuntu22/VLA/scenes/new_scene_building_scene_1_repaired/building_scene_1_repaired.usda,unitree_a1,existing_usd_prim,real_isaac_omniverse_rgbd,depth_backprojection,false,false
3,11,1780916388.792,2.9508,-5.9229,0.5967,-3.0343,5.0619,-6.5412,0.5967,-0.2854,True,True,True,0.7525,885,0.281406,0.283125,0.001719,208,1604,4588,24,24,22,15,184.4143,185,2.9285,Go to candidate 15.,True,True,True,True,False,,False,False,False,,New Scene Phase G long rollout data collection,building_scene_1_scene_20260608_171052,/home/ubuntu22/VLA/scenes/new_scene_building_scene_1_repaired/building_scene_1_repaired.usda,unitree_a1,existing_usd_prim,real_isaac_omniverse_rgbd,depth_backprojection,false,false
3,12,1780916389.282,5.0619,-6.5412,0.5967,-0.2854,4.9541,-5.5475,0.5967,1.6781,True,True,True,0.75,880,0.283125,0.302656,0.019531,208,1729,4463,24,22,22,6,158.7194,159,1.4028,Go to candidate 6.,True,True,True,True,False,,False,False,False,,New Scene Phase G long rollout data collection,building_scene_1_scene_20260608_171052,/home/ubuntu22/VLA/scenes/new_scene_building_scene_1_repaired/building_scene_1_repaired.usda,unitree_a1,existing_usd_prim,real_isaac_omniverse_rgbd,depth_backprojection,false,false
3,13,1780916389.807,4.9541,-5.5475,0.5967,1.6781,5.4346,-6.4248,0.5967,-1.0708,True,True,True,1.0,1200,0.302656,0.316875,0.014219,208,1820,4372,24,22,20,0,171.7023,172,1.4885,Go to candidate 0.,True,True,True,True,False,,False,False,False,,New Scene Phase G long rollout data collection,building_scene_1_scene_20260608_171052,/home/ubuntu22/VLA/scenes/new_scene_building_scene_1_repaired/building_scene_1_repaired.usda,unitree_a1,existing_usd_prim,real_isaac_omniverse_rgbd,depth_backprojection,false,false
3,14,1780916390.279,5.4346,-6.4248,0.5967,-1.0708,3.2467,-6.6613,0.5967,-3.0343,True,True,True,0.7957,944,0.316875,0.324531,0.007656,208,1869,4323,24,21,20,9,158.4474,159,2.7628,Go to candidate 9.,True,True,True,True,False,,False,False,False,,New Scene Phase G long rollout data collection,building_scene_1_scene_20260608_171052,/home/ubuntu22/VLA/scenes/new_scene_building_scene_1_repaired/building_scene_1_repaired.usda,unitree_a1,existing_usd_prim,real_isaac_omniverse_rgbd,depth_backprojection,false,false
3,15,1780916390.754,3.2467,-6.6613,0.5967,-3.0343,5.1771,-5.6054,0.5967,0.5,True,True,True,0.7532,886,0.324531,0.335469,0.010938,208,1939,4253,24,22,22,8,162.5252,163,2.3742,Go to candidate 8.,True,True,True,True,False,,False,False,False,,New Scene Phase G long rollout data collection,building_scene_1_scene_20260608_171052,/home/ubuntu22/VLA/scenes/new_scene_building_scene_1_repaired/building_scene_1_repaired.usda,unitree_a1,existing_usd_prim,real_isaac_omniverse_rgbd,depth_backprojection,false,false
3,16,1780916391.504,5.1771,-5.6054,0.5967,0.5,2.99,-5.8421,0.5967,-3.0343,True,True,True,0.8286,984,0.335469,0.33625,0.000781,208,1944,4248,24,23,19,15,148.4954,149,2.5228,Go to candidate 15.,True,True,True,True,False,,False,False,False,,New Scene Phase G long rollout data collection,building_scene_1_scene_20260608_171052,/home/ubuntu22/VLA/scenes/new_scene_building_scene_1_repaired/building_scene_1_repaired.usda,unitree_a1,existing_usd_prim,real_isaac_omniverse_rgbd,depth_backprojection,false,false
3,17,1780916391.981,2.99,-5.8421,0.5967,-3.0343,2.0303,-5.5605,0.5967,2.8562,True,True,True,0.753,885,0.33625,0.364844,0.028594,209,2126,4065,24,23,21,3,141.7914,142,1.0428,Go to candidate 3.,True,True,True,True,False,,False,False,False,,New Scene Phase G long rollout data collection,building_scene_1_scene_20260608_171052,/home/ubuntu22/VLA/scenes/new_scene_building_scene_1_repaired/building_scene_1_repaired.usda,unitree_a1,existing_usd_prim,real_isaac_omniverse_rgbd,depth_backprojection,false,false
3,18,1780916392.501,2.0303,-5.5605,0.5967,2.8562,2.1381,-6.5541,0.5967,-1.4635,True,True,True,0.8511,1004,0.364844,0.382812,0.017968,209,2241,3950,24,23,22,6,137.752,138,1.24,Go to candidate 6.,True,True,True,True,False,,False,False,False,,New Scene Phase G long rollout data collection,building_scene_1_scene_20260608_171052,/home/ubuntu22/VLA/scenes/new_scene_building_scene_1_repaired/building_scene_1_repaired.usda,unitree_a1,existing_usd_prim,real_isaac_omniverse_rgbd,depth_backprojection,false,false
3,19,1780916392.972,2.1381,-6.5541,0.5967,-1.4635,4.2488,-7.173,0.5967,-0.2854,True,True,True,0.8277,980,0.382812,0.384375,0.001563,209,2251,3940,24,23,21,13,117.4783,118,2.6085,Go to candidate 13.,True,True,True,True,False,,False,False,False,,New Scene Phase G long rollout data collection,building_scene_1_scene_20260608_171052,/home/ubuntu22/VLA/scenes/new_scene_building_scene_1_repaired/building_scene_1_repaired.usda,unitree_a1,existing_usd_prim,real_isaac_omniverse_rgbd,depth_backprojection,false,false
4,0,1780916393.483,0.0003,-2.6495,0.5967,-0.5,-0.7784,-3.2778,0.5967,-2.4635,True,True,True,0.7522,882,0.015469,0.057344,0.057344,0,367,6033,24,24,24,1,186.7423,187,1.2885,Go to candidate 1.,True,True,True,True,False,,False,False,False,,New Scene Phase G long rollout data collection,building_scene_1_scene_20260608_171052,/home/ubuntu22/VLA/scenes/new_scene_building_scene_1_repaired/building_scene_1_repaired.usda,unitree_a1,existing_usd_prim,real_isaac_omniverse_rgbd,depth_backprojection,false,false
4,1,1780916393.986,-0.7784,-3.2778,0.5967,-2.4635,0.1806,-2.9952,0.5967,0.2854,True,True,True,0.7583,892,0.057344,0.105469,0.048125,52,623,5725,24,24,24,7,187.7909,188,1.0457,Go to candidate 7.,True,True,True,True,False,,False,False,False,,New Scene Phase G long rollout data collection,building_scene_1_scene_20260608_171052,/home/ubuntu22/VLA/scenes/new_scene_building_scene_1_repaired/building_scene_1_repaired.usda,unitree_a1,existing_usd_prim,real_isaac_omniverse_rgbd,depth_backprojection,false,false
4,2,1780916394.545,0.1806,-2.9952,0.5967,0.2854,-0.2043,-6.5751,0.5967,-1.6781,True,True,True,0.884,1056,0.105469,0.140313,0.034844,52,846,5502,24,23,23,17,186.9749,188,5.1257,Go to candidate 17.,True,True,True,True,False,,False,False,False,,New Scene Phase G long rollout data collection,building_scene_1_scene_20260608_171052,/home/ubuntu22/VLA/scenes/new_scene_building_scene_1_repaired/building_scene_1_repaired.usda,unitree_a1,existing_usd_prim,real_isaac_omniverse_rgbd,depth_backprojection,false,false
4,3,1780916395.057,-0.2043,-6.5751,0.5967,-1.6781,-3.3644,-4.8497,0.5967,2.6416,True,True,True,0.8374,990,0.140313,0.176875,0.036562,59,1073,5268,24,24,24,17,186.1229,187,4.3856,Go to candidate 17.,True,True,True,True,False,,False,False,False,,New Scene Phase G long rollout data collection,building_scene_1_scene_20260608_171052,/home/ubuntu22/VLA/scenes/new_scene_building_scene_1_repaired/building_scene_1_repaired.usda,unitree_a1,existing_usd_prim,real_isaac_omniverse_rgbd,depth_backprojection,false,false
4,4,1780916395.604,-3.3644,-4.8497,0.5967,2.6416,-3.2576,-3.8548,0.5967,1.4635,True,True,True,0.8719,1032,0.176875,0.215156,0.038281,124,1253,5023,24,24,24,2,186.752,187,1.24,Go to candidate 2.,True,True,True,True,False,,False,False,False,,New Scene Phase G long rollout data collection,building_scene_1_scene_20260608_171052,/home/ubuntu22/VLA/scenes/new_scene_building_scene_1_repaired/building_scene_1_repaired.usda,unitree_a1,existing_usd_prim,real_isaac_omniverse_rgbd,depth_backprojection,false,false
4,5,1780916396.123,-3.2576,-3.8548,0.5967,1.4635,-5.3679,-4.4748,0.5967,-2.8562,True,True,True,1.0,1200,0.215156,0.219844,0.004688,124,1283,4993,24,22,22,14,169.4863,170,2.5685,Go to candidate 14.,True,True,True,True,False,,False,False,False,,New Scene Phase G long rollout data collection,building_scene_1_scene_20260608_171052,/home/ubuntu22/VLA/scenes/new_scene_building_scene_1_repaired/building_scene_1_repaired.usda,unitree_a1,existing_usd_prim,real_isaac_omniverse_rgbd,depth_backprojection,false,false
4,6,1780916396.597,-5.3679,-4.4748,0.5967,-2.8562,-1.7887,-4.8593,0.5967,-0.1073,True,True,True,0.7507,882,0.219844,0.236406,0.016562,124,1389,4887,24,21,21,23,165.1509,166,4.2457,Go to candidate 23.,True,True,True,True,False,,False,False,False,,New Scene Phase G long rollout data collection,building_scene_1_scene_20260608_171052,/home/ubuntu22/VLA/scenes/new_scene_building_scene_1_repaired/building_scene_1_repaired.usda,unitree_a1,existing_usd_prim,real_isaac_omniverse_rgbd,depth_backprojection,false,false
4,7,1780916397.078,-1.7887,-4.8593,0.5967,-0.1073,0.1422,-5.9141,0.5967,-0.5,True,True,True,0.7595,894,0.236406,0.252969,0.016563,124,1495,4781,24,24,24,11,172.4452,173,2.7742,Go to candidate 11.,True,True,True,True,False,,False,False,False,,New Scene Phase G long rollout data collection,building_scene_1_scene_20260608_171052,/home/ubuntu22/VLA/scenes/new_scene_building_scene_1_repaired/building_scene_1_repaired.usda,unitree_a1,existing_usd_prim,real_isaac_omniverse_rgbd,depth_backprojection,false,false
4,8,1780916397.555,0.1422,-5.9141,0.5967,-0.5,3.7213,-6.2995,0.5967,-0.1073,True,True,True,0.7554,885,0.252969,0.254688,0.001719,124,1506,4770,24,24,24,20,185.0549,186,4.7257,Go to candidate 20.,True,True,True,True,False,,False,False,False,,New Scene Phase G long rollout data collection,building_scene_1_scene_20260608_171052,/home/ubuntu22/VLA/scenes/new_scene_building_scene_1_repaired/building_scene_1_repaired.usda,unitree_a1,existing_usd_prim,real_isaac_omniverse_rgbd,depth_backprojection,false,false
4,9,1780916398.03,3.7213,-6.2995,0.5967,-0.1073,4.5991,-6.7791,0.5967,-0.5,True,True,True,0.75,880,0.254688,0.261719,0.007031,124,1551,4725,24,24,24,3,185.7749,186,1.1257,Go to candidate 3.,True,True,True,True,False,,False,False,False,,New Scene Phase G long rollout data collection,building_scene_1_scene_20260608_171052,/home/ubuntu22/VLA/scenes/new_scene_building_scene_1_repaired/building_scene_1_repaired.usda,unitree_a1,existing_usd_prim,real_isaac_omniverse_rgbd,depth_backprojection,false,false
4,10,1780916398.547,4.5991,-6.7791,0.5967,-0.5,4.7053,-5.7853,0.5967,1.4635,True,True,True,0.7517,882,0.261719,0.289687,0.027968,130,1724,4546,24,23,23,6,180.7194,181,1.4028,Go to candidate 6.,True,True,True,True,False,,False,False,False,,New Scene Phase G long rollout data collection,building_scene_1_scene_20260608_171052,/home/ubuntu22/VLA/scenes/new_scene_building_scene_1_repaired/building_scene_1_repaired.usda,unitree_a1,existing_usd_prim,real_isaac_omniverse_rgbd,depth_backprojection,false,false
4,11,1780916399.065,4.7053,-5.7853,0.5967,1.4635,5.5838,-6.2642,0.5967,-0.5,True,True,True,1.0,1200,0.289687,0.291719,0.002032,130,1737,4533,24,23,22,1,153.7423,154,1.2885,Go to candidate 1.,True,True,True,True,False,,False,False,False,,New Scene Phase G long rollout data collection,building_scene_1_scene_20260608_171052,/home/ubuntu22/VLA/scenes/new_scene_building_scene_1_repaired/building_scene_1_repaired.usda,unitree_a1,existing_usd_prim,real_isaac_omniverse_rgbd,depth_backprojection,false,false
4,12,1780916399.557,5.5838,-6.2642,0.5967,-0.5,4.5892,-6.1583,0.5967,3.0343,True,True,True,0.75,880,0.291719,0.332656,0.040937,142,1987,4271,24,22,20,0,148.7194,149,1.4028,Go to candidate 0.,True,True,True,True,False,,False,False,False,,New Scene Phase G long rollout data collection,building_scene_1_scene_20260608_171052,/home/ubuntu22/VLA/scenes/new_scene_building_scene_1_repaired/building_scene_1_repaired.usda,unitree_a1,existing_usd_prim,real_isaac_omniverse_rgbd,depth_backprojection,false,false
4,13,1780916400.025,4.5892,-6.1583,0.5967,3.0343,5.467,-6.6366,0.5967,-0.5,True,True,True,0.8046,945,0.332656,0.337187,0.004531,142,2016,4242,24,23,23,7,152.7509,153,1.2457,Go to candidate 7.,True,True,True,True,False,,False,False,False,,New Scene Phase G long rollout data collection,building_scene_1_scene_20260608_171052,/home/ubuntu22/VLA/scenes/new_scene_building_scene_1_repaired/building_scene_1_repaired.usda,unitree_a1,existing_usd_prim,real_isaac_omniverse_rgbd,depth_backprojection,false,false
4,14,1780916400.48,5.467,-6.6366,0.5967,-0.5,1.8874,-6.2522,0.5967,3.0343,True,True,True,0.7505,881,0.337187,0.352344,0.015157,142,2113,4145,24,22,22,16,124.1354,125,4.3228,Go to candidate 16.,True,True,True,True,False,,False,False,False,,New Scene Phase G long rollout data collection,building_scene_1_scene_20260608_171052,/home/ubuntu22/VLA/scenes/new_scene_building_scene_1_repaired/building_scene_1_repaired.usda,unitree_a1,existing_usd_prim,real_isaac_omniverse_rgbd,depth_backprojection,false,false
4,15,1780916400.942,1.8874,-6.2522,0.5967,3.0343,5.3416,-5.2375,0.5967,0.2854,True,True,True,0.7951,932,0.352344,0.359063,0.006719,142,2156,4102,24,24,24,16,166.1566,167,4.2171,Go to candidate 16.,True,True,True,True,False,,False,False,False,,New Scene Phase G long rollout data collection,building_scene_1_scene_20260608_171052,/home/ubuntu22/VLA/scenes/new_scene_building_scene_1_repaired/building_scene_1_repaired.usda,unitree_a1,existing_usd_prim,real_isaac_omniverse_rgbd,depth_backprojection,false,false
4,16,1780916401.393,5.3416,-5.2375,0.5967,0.2854,5.9695,-6.0164,0.5967,-0.8927,True,True,True,0.7769,918,0.359063,0.372031,0.012968,142,2239,4019,24,22,20,2,128.7423,129,1.2885,Go to candidate 2.,True,True,True,True,False,,False,False,False,,New Scene Phase G long rollout data collection,building_scene_1_scene_20260608_171052,/home/ubuntu22/VLA/scenes/new_scene_building_scene_1_repaired/building_scene_1_repaired.usda,unitree_a1,existing_usd_prim,real_isaac_omniverse_rgbd,depth_backprojection,false,false
4,17,1780916401.852,5.9695,-6.0164,0.5967,-0.8927,5.4902,-6.8946,0.5967,-2.0708,True,True,True,0.7847,926,0.372031,0.394062,0.022031,142,2380,3878,24,21,20,2,137.7669,138,1.1657,Go to candidate 2.,True,True,True,True,False,,False,False,False,,New Scene Phase G long rollout data collection,building_scene_1_scene_20260608_171052,/home/ubuntu22/VLA/scenes/new_scene_building_scene_1_repaired/building_scene_1_repaired.usda,unitree_a1,existing_usd_prim,real_isaac_omniverse_rgbd,depth_backprojection,false,false
4,18,1780916402.328,5.4902,-6.8946,0.5967,-2.0708,3.3022,-6.6593,0.5967,3.0343,True,True,True,0.8041,945,0.394062,0.4,0.005938,142,2418,3840,24,22,20,10,105.4783,106,2.6085,Go to candidate 10.,True,True,True,True,False,,False,False,False,,New Scene Phase G long rollout data collection,building_scene_1_scene_20260608_171052,/home/ubuntu22/VLA/scenes/new_scene_building_scene_1_repaired/building_scene_1_repaired.usda,unitree_a1,existing_usd_prim,real_isaac_omniverse_rgbd,depth_backprojection,false,false
4,19,1780916402.798,3.3022,-6.6593,0.5967,3.0343,5.4131,-6.0388,0.5967,0.2854,True,True,True,0.7964,934,0.4,0.40375,0.00375,142,2442,3816,24,24,24,8,134.4777,135,2.6114,Go to candidate 8.,True,True,True,True,False,,False,False,False,,New Scene Phase G long rollout data collection,building_scene_1_scene_20260608_171052,/home/ubuntu22/VLA/scenes/new_scene_building_scene_1_repaired/building_scene_1_repaired.usda,unitree_a1,existing_usd_prim,real_isaac_omniverse_rgbd,depth_backprojection,false,false
5,0,1780916403.376,0.6496,-1.8496,0.5967,0.75,-0.6096,1.5225,0.5967,1.9281,True,True,True,1.0,1200,0.025937,0.040781,0.040781,76,185,6139,24,23,23,21,189.0189,190,4.9056,Go to candidate 21.,True,True,True,True,False,,False,False,False,,New Scene Phase G long rollout data collection,building_scene_1_scene_20260608_171052,/home/ubuntu22/VLA/scenes/new_scene_building_scene_1_repaired/building_scene_1_repaired.usda,unitree_a1,existing_usd_prim,real_isaac_omniverse_rgbd,depth_backprojection,false,false
5,1,1780916403.891,-0.6096,1.5225,0.5967,1.9281,-3.2428,-0.9316,0.5967,-2.3916,True,True,True,0.9901,1189,0.040781,0.0675,0.026719,76,356,5968,24,21,21,22,190.0892,191,4.5541,Go to candidate 22.,True,True,True,True,False,,False,False,False,,New Scene Phase G long rollout data collection,building_scene_1_scene_20260608_171052,/home/ubuntu22/VLA/scenes/new_scene_building_scene_1_repaired/building_scene_1_repaired.usda,unitree_a1,existing_usd_prim,real_isaac_omniverse_rgbd,depth_backprojection,false,false
5,2,1780916404.416,-3.2428,-0.9316,0.5967,-2.3916,-4.0131,1.1296,0.5967,1.9281,True,True,True,0.7544,886,0.0675,0.090313,0.022813,112,466,5822,24,24,24,9,189.3897,190,3.0514,Go to candidate 9.,True,True,True,True,False,,False,False,False,,New Scene Phase G long rollout data collection,building_scene_1_scene_20260608_171052,/home/ubuntu22/VLA/scenes/new_scene_building_scene_1_repaired/building_scene_1_repaired.usda,unitree_a1,existing_usd_prim,real_isaac_omniverse_rgbd,depth_backprojection,false,false
5,3,1780916404.95,-4.0131,1.1296,0.5967,1.9281,-2.5125,-0.4795,0.5967,-0.8208,True,True,True,1.0,1200,0.090313,0.115781,0.025468,207,534,5659,24,21,21,8,187.4355,188,2.8227,Go to candidate 8.,True,True,True,True,False,,False,False,False,,New Scene Phase G long rollout data collection,building_scene_1_scene_20260608_171052,/home/ubuntu22/VLA/scenes/new_scene_building_scene_1_repaired/building_scene_1_repaired.usda,unitree_a1,existing_usd_prim,real_isaac_omniverse_rgbd,depth_backprojection,false,false
5,4,1780916405.45,-2.5125,-0.4795,0.5967,-0.8208,-4.5147,0.4329,0.5967,2.7135,True,True,True,0.7512,881,0.115781,0.117969,0.002188,211,544,5645,24,19,19,8,182.3892,183,3.0542,Go to candidate 8.,True,True,True,True,False,,False,False,False,,New Scene Phase G long rollout data collection,building_scene_1_scene_20260608_171052,/home/ubuntu22/VLA/scenes/new_scene_building_scene_1_repaired/building_scene_1_repaired.usda,unitree_a1,existing_usd_prim,real_isaac_omniverse_rgbd,depth_backprojection,false,false
5,5,1780916405.975,-4.5147,0.4329,0.5967,2.7135,-3.7832,1.1155,0.5967,0.75,True,True,True,1.0,1200,0.117969,0.15,0.032031,233,727,5440,24,21,21,1,177.8303,178,0.8485,Go to candidate 1.,True,True,True,True,False,,False,False,False,,New Scene Phase G long rollout data collection,building_scene_1_scene_20260608_171052,/home/ubuntu22/VLA/scenes/new_scene_building_scene_1_repaired/building_scene_1_repaired.usda,unitree_a1,existing_usd_prim,real_isaac_omniverse_rgbd,depth_backprojection,false,false
5,6,1780916406.527,-3.7832,1.1155,0.5967,0.75,-0.4103,2.3747,0.5967,0.3573,True,True,True,1.0,1200,0.15,0.156094,0.006094,242,757,5401,24,22,22,19,184.124,185,4.3799,Go to candidate 19.,True,True,True,True,False,,False,False,False,,New Scene Phase G long rollout data collection,building_scene_1_scene_20260608_171052,/home/ubuntu22/VLA/scenes/new_scene_building_scene_1_repaired/building_scene_1_repaired.usda,unitree_a1,existing_usd_prim,real_isaac_omniverse_rgbd,depth_backprojection,false,false
5,7,1780916407.068,-0.4103,2.3747,0.5967,0.3573,1.7885,2.2969,0.5967,-0.0354,True,True,True,1.0,1200,0.156094,0.169844,0.01375,258,829,5313,24,17,16,11,190.4143,191,2.9285,Go to candidate 11.,True,True,True,True,False,,False,False,False,,New Scene Phase G long rollout data collection,building_scene_1_scene_20260608_171052,/home/ubuntu22/VLA/scenes/new_scene_building_scene_1_repaired/building_scene_1_repaired.usda,unitree_a1,existing_usd_prim,real_isaac_omniverse_rgbd,depth_backprojection,false,false
5,8,1780916407.598,1.7885,2.2969,0.5967,-0.0354,2.2031,3.2064,0.5967,1.1427,True,True,True,1.0,1200,0.169844,0.171875,0.002031,261,839,5300,24,20,19,5,186.7029,187,1.4857,Go to candidate 5.,True,True,True,True,False,,False,False,False,,New Scene Phase G long rollout data collection,building_scene_1_scene_20260608_171052,/home/ubuntu22/VLA/scenes/new_scene_building_scene_1_repaired/building_scene_1_repaired.usda,unitree_a1,existing_usd_prim,real_isaac_omniverse_rgbd,depth_backprojection,false,false
5,9,1780916408.096,2.2031,3.2064,0.5967,1.1427,5.8015,3.0793,0.5967,-0.0354,True,True,True,1.0,1200,0.171875,0.173594,0.001719,262,849,5289,24,17,16,18,178.9732,180,5.1342,Go to candidate 18.,True,True,True,True,False,,False,False,False,,New Scene Phase G long rollout data collection,building_scene_1_scene_20260608_171052,/home/ubuntu22/VLA/scenes/new_scene_building_scene_1_repaired/building_scene_1_repaired.usda,unitree_a1,existing_usd_prim,real_isaac_omniverse_rgbd,depth_backprojection,false,false
5,10,1780916408.569,5.8015,3.0793,0.5967,-0.0354,7.061,-0.2937,0.5967,-1.2135,True,True,True,1.0,1200,0.173594,0.175469,0.001875,262,861,5277,24,19,19,18,153.948,155,5.2599,Go to candidate 18.,True,True,True,True,False,,False,False,False,,New Scene Phase G long rollout data collection,building_scene_1_scene_20260608_171052,/home/ubuntu22/VLA/scenes/new_scene_building_scene_1_repaired/building_scene_1_repaired.usda,unitree_a1,existing_usd_prim,real_isaac_omniverse_rgbd,depth_backprojection,false,false
5,11,1780916409.043,7.061,-0.2937,0.5967,-1.2135,4.4268,-2.7482,0.5967,-2.3916,True,True,True,0.752,880,0.175469,0.20875,0.033281,262,1074,5064,24,16,16,18,184.0492,185,4.7541,Go to candidate 18.,True,True,True,True,False,,False,False,False,,New Scene Phase G long rollout data collection,building_scene_1_scene_20260608_171052,/home/ubuntu22/VLA/scenes/new_scene_building_scene_1_repaired/building_scene_1_repaired.usda,unitree_a1,existing_usd_prim,real_isaac_omniverse_rgbd,depth_backprojection,false,false
5,12,1780916409.553,4.4268,-2.7482,0.5967,-2.3916,4.7766,-3.6845,0.5967,-1.2135,True,True,True,0.762,898,0.20875,0.234531,0.025781,262,1239,4899,24,24,24,5,186.7029,187,1.4857,Go to candidate 5.,True,True,True,True,False,,False,False,False,,New Scene Phase G long rollout data collection,building_scene_1_scene_20260608_171052,/home/ubuntu22/VLA/scenes/new_scene_building_scene_1_repaired/building_scene_1_repaired.usda,unitree_a1,existing_usd_prim,real_isaac_omniverse_rgbd,depth_backprojection,false,false
5,13,1780916410.043,4.7766,-3.6845,0.5967,-1.2135,5.7755,-3.7195,0.5967,-0.0354,True,True,True,0.7715,905,0.234531,0.23625,0.001719,262,1250,4888,24,22,22,5,186.736,187,1.32,Go to candidate 5.,True,True,True,True,False,,False,False,False,,New Scene Phase G long rollout data collection,building_scene_1_scene_20260608_171052,/home/ubuntu22/VLA/scenes/new_scene_building_scene_1_repaired/building_scene_1_repaired.usda,unitree_a1,existing_usd_prim,real_isaac_omniverse_rgbd,depth_backprojection,false,false
5,14,1780916410.52,5.7755,-3.7195,0.5967,-0.0354,2.403,-4.9797,0.5967,-2.7843,True,True,True,0.75,880,0.23625,0.252656,0.016406,262,1355,4783,24,22,21,16,181.1086,182,4.4571,Go to candidate 16.,True,True,True,True,False,,False,False,False,,New Scene Phase G long rollout data collection,building_scene_1_scene_20260608_171052,/home/ubuntu22/VLA/scenes/new_scene_building_scene_1_repaired/building_scene_1_repaired.usda,unitree_a1,existing_usd_prim,real_isaac_omniverse_rgbd,depth_backprojection,false,false
5,15,1780916411.004,2.403,-4.9797,0.5967,-2.7843,-1.195,-4.8523,0.5967,3.1062,True,True,True,0.754,885,0.252656,0.265625,0.012969,262,1438,4700,24,23,23,19,183.04,184,4.8,Go to candidate 19.,True,True,True,True,False,,False,False,False,,New Scene Phase G long rollout data collection,building_scene_1_scene_20260608_171052,/home/ubuntu22/VLA/scenes/new_scene_building_scene_1_repaired/building_scene_1_repaired.usda,unitree_a1,existing_usd_prim,real_isaac_omniverse_rgbd,depth_backprojection,false,false
5,16,1780916411.494,-1.195,-4.8523,0.5967,3.1062,-2.1317,-5.2021,0.5967,-2.7843,True,True,True,0.7764,910,0.265625,0.284219,0.018594,262,1557,4581,24,23,23,4,166.7914,167,1.0428,Go to candidate 4.,True,True,True,True,False,,False,False,False,,New Scene Phase G long rollout data collection,building_scene_1_scene_20260608_171052,/home/ubuntu22/VLA/scenes/new_scene_building_scene_1_repaired/building_scene_1_repaired.usda,unitree_a1,existing_usd_prim,real_isaac_omniverse_rgbd,depth_backprojection,false,false
5,17,1780916411.982,-2.1317,-5.2021,0.5967,-2.7843,-1.1325,-5.2364,0.5967,-0.0354,True,True,True,0.761,896,0.284219,0.308906,0.024687,262,1715,4423,24,23,23,7,157.768,158,1.16,Go to candidate 7.,True,True,True,True,False,,False,False,False,,New Scene Phase G long rollout data collection,building_scene_1_scene_20260608_171052,/home/ubuntu22/VLA/scenes/new_scene_building_scene_1_repaired/building_scene_1_repaired.usda,unitree_a1,existing_usd_prim,real_isaac_omniverse_rgbd,depth_backprojection,false,false
5,18,1780916412.495,-1.1325,-5.2364,0.5967,-0.0354,-2.3922,-1.8645,0.5967,1.9281,True,True,True,0.7686,906,0.308906,0.31625,0.007344,276,1748,4376,24,23,23,22,155.18,156,4.0999,Go to candidate 22.,True,True,True,True,False,,False,False,False,,New Scene Phase G long rollout data collection,building_scene_1_scene_20260608_171052,/home/ubuntu22/VLA/scenes/new_scene_building_scene_1_repaired/building_scene_1_repaired.usda,unitree_a1,existing_usd_prim,real_isaac_omniverse_rgbd,depth_backprojection,false,false
5,19,1780916413.01,-2.3922,-1.8645,0.5967,1.9281,-2.5185,-5.462,0.5967,-1.6062,True,True,True,1.0,1200,0.31625,0.34625,0.03,276,1940,4184,24,17,17,23,160.072,161,4.64,Go to candidate 23.,True,True,True,True,False,,False,False,False,,New Scene Phase G long rollout data collection,building_scene_1_scene_20260608_171052,/home/ubuntu22/VLA/scenes/new_scene_building_scene_1_repaired/building_scene_1_repaired.usda,unitree_a1,existing_usd_prim,real_isaac_omniverse_rgbd,depth_backprojection,false,false
6,0,1780916413.533,-0.6496,-1.8496,0.5967,-0.75,2.7228,-3.1085,0.5967,-0.3573,True,True,True,0.7523,882,0.019531,0.021094,0.021094,4,131,6265,24,23,23,20,189.084,190,4.5799,Go to candidate 20.,True,True,True,True,False,,False,False,False,,New Scene Phase G long rollout data collection,building_scene_1_scene_20260608_171052,/home/ubuntu22/VLA/scenes/new_scene_building_scene_1_repaired/building_scene_1_repaired.usda,unitree_a1,existing_usd_prim,real_isaac_omniverse_rgbd,depth_backprojection,false,false
6,1,1780916414.066,2.7228,-3.1085,0.5967,-0.3573,2.6866,-2.1097,0.5967,1.6062,True,True,True,0.75,880,0.021094,0.032344,0.01125,28,179,6193,24,24,24,6,190.736,191,1.32,Go to candidate 6.,True,True,True,True,False,,False,False,False,,New Scene Phase G long rollout data collection,building_scene_1_scene_20260608_171052,/home/ubuntu22/VLA/scenes/new_scene_building_scene_1_repaired/building_scene_1_repaired.usda,unitree_a1,existing_usd_prim,real_isaac_omniverse_rgbd,depth_backprojection,false,false
6,2,1780916414.901,2.6866,-2.1097,0.5967,1.6062,3.9457,1.2632,0.5967,1.2135,True,True,True,1.0,1200,0.032344,0.039062,0.006718,43,207,6150,24,22,22,19,188.0926,189,4.5371,Go to candidate 19.,True,True,True,True,False,,False,False,False,,New Scene Phase G long rollout data collection,building_scene_1_scene_20260608_171052,/home/ubuntu22/VLA/scenes/new_scene_building_scene_1_repaired/building_scene_1_repaired.usda,unitree_a1,existing_usd_prim,real_isaac_omniverse_rgbd,depth_backprojection,false,false
6,3,1780916415.447,3.9457,1.2632,0.5967,1.2135,1.7477,1.1846,0.5967,-3.1062,True,True,True,1.0,1200,0.039062,0.04125,0.002188,45,219,6136,24,22,22,14,188.4,189,3.0,Go to candidate 14.,True,True,True,True,False,,False,False,False,,New Scene Phase G long rollout data collection,building_scene_1_scene_20260608_171052,/home/ubuntu22/VLA/scenes/new_scene_building_scene_1_repaired/building_scene_1_repaired.usda,unitree_a1,existing_usd_prim,real_isaac_omniverse_rgbd,depth_backprojection,false,false
6,4,1780916415.998,1.7477,1.1846,0.5967,-3.1062,0.8106,1.5344,0.5967,2.7843,True,True,True,1.0,1200,0.04125,0.050156,0.008906,57,264,6079,24,22,21,3,187.7754,188,1.1228,Go to candidate 3.,True,True,True,True,False,,False,False,False,,New Scene Phase G long rollout data collection,building_scene_1_scene_20260608_171052,/home/ubuntu22/VLA/scenes/new_scene_building_scene_1_repaired/building_scene_1_repaired.usda,unitree_a1,existing_usd_prim,real_isaac_omniverse_rgbd,depth_backprojection,false,false
6,5,1780916416.526,0.8106,1.5344,0.5967,2.7843,3.4453,-0.9184,0.5967,-0.75,True,True,True,1.0,1200,0.050156,0.06,0.009844,57,327,6016,24,19,19,23,189.9252,191,5.3742,Go to candidate 23.,True,True,True,True,False,,False,False,False,,New Scene Phase G long rollout data collection,building_scene_1_scene_20260608_171052,/home/ubuntu22/VLA/scenes/new_scene_building_scene_1_repaired/building_scene_1_repaired.usda,unitree_a1,existing_usd_prim,real_isaac_omniverse_rgbd,depth_backprojection,false,false
6,6,1780916417.053,3.4453,-0.9184,0.5967,-0.75,1.9499,2.356,0.5967,1.9989,True,True,True,0.7519,882,0.06,0.074219,0.014219,75,400,5925,24,20,20,23,186.9137,188,5.4313,Go to candidate 23.,True,True,True,True,False,,False,False,False,,New Scene Phase G long rollout data collection,building_scene_1_scene_20260608_171052,/home/ubuntu22/VLA/scenes/new_scene_building_scene_1_repaired/building_scene_1_repaired.usda,unitree_a1,existing_usd_prim,real_isaac_omniverse_rgbd,depth_backprojection,false,false
6,7,1780916417.574,1.9499,2.356,0.5967,1.9989,-1.6473,2.2283,0.5967,-3.1062,True,True,True,1.0,1200,0.074219,0.096094,0.021875,106,509,5785,24,19,18,21,184.8743,186,5.6284,Go to candidate 21.,True,True,True,True,False,,False,False,False,,New Scene Phase G long rollout data collection,building_scene_1_scene_20260608_171052,/home/ubuntu22/VLA/scenes/new_scene_building_scene_1_repaired/building_scene_1_repaired.usda,unitree_a1,existing_usd_prim,real_isaac_omniverse_rgbd,depth_backprojection,false,false
6,8,1780916418.142,-1.6473,2.2283,0.5967,-3.1062,-2.0631,3.1383,0.5967,1.9989,True,True,True,1.0,1200,0.096094,0.119844,0.02375,111,656,5633,24,17,17,2,187.7423,188,1.2885,Go to candidate 2.,True,True,True,True,False,,False,False,False,,New Scene Phase G long rollout data collection,building_scene_1_scene_20260608_171052,/home/ubuntu22/VLA/scenes/new_scene_building_scene_1_repaired/building_scene_1_repaired.usda,unitree_a1,existing_usd_prim,real_isaac_omniverse_rgbd,depth_backprojection,false,false
6,9,1780916418.701,-2.0631,3.1383,0.5967,1.9989,-5.6602,3.0106,0.5967,-3.1062,True,True,True,1.0,1200,0.119844,0.139375,0.019531,122,770,5508,24,17,17,21,185.9703,187,5.1484,Go to candidate 21.,True,True,True,True,False,,False,False,False,,New Scene Phase G long rollout data collection,building_scene_1_scene_20260608_171052,/home/ubuntu22/VLA/scenes/new_scene_building_scene_1_repaired/building_scene_1_repaired.usda,unitree_a1,existing_usd_prim,real_isaac_omniverse_rgbd,depth_backprojection,false,false
6,10,1780916419.234,-5.6602,3.0106,0.5967,-3.1062,-4.1653,-0.2638,0.5967,-1.1427,True,True,True,1.0,1200,0.139375,0.19375,0.054375,132,1108,5160,24,16,16,22,184.9315,186,5.3427,Go to candidate 22.,True,True,True,True,False,,False,False,False,,New Scene Phase G long rollout data collection,building_scene_1_scene_20260608_171052,/home/ubuntu22/VLA/scenes/new_scene_building_scene_1_repaired/building_scene_1_repaired.usda,unitree_a1,existing_usd_prim,real_isaac_omniverse_rgbd,depth_backprojection,false,false
6,11,1780916419.746,-4.1653,-0.2638,0.5967,-1.1427,-5.1652,-0.3,0.5967,-3.1062,True,True,True,0.7618,892,0.19375,0.200937,0.007187,145,1141,5114,24,22,22,1,187.736,188,1.32,Go to candidate 1.,True,True,True,True,False,,False,False,False,,New Scene Phase G long rollout data collection,building_scene_1_scene_20260608_171052,/home/ubuntu22/VLA/scenes/new_scene_building_scene_1_repaired/building_scene_1_repaired.usda,unitree_a1,existing_usd_prim,real_isaac_omniverse_rgbd,depth_backprojection,false,false
6,12,1780916420.253,-5.1652,-0.3,0.5967,-3.1062,-5.5145,-1.2365,0.5967,-1.9281,True,True,True,0.8554,1009,0.200937,0.250469,0.049532,145,1458,4797,24,21,19,5,188.7589,189,1.2057,Go to candidate 5.,True,True,True,True,False,,False,False,False,,New Scene Phase G long rollout data collection,building_scene_1_scene_20260608_171052,/home/ubuntu22/VLA/scenes/new_scene_building_scene_1_repaired/building_scene_1_repaired.usda,unitree_a1,existing_usd_prim,real_isaac_omniverse_rgbd,depth_backprojection,false,false
6,13,1780916420.779,-5.5145,-1.2365,0.5967,-1.9281,-1.9173,-1.1083,0.5967,0.0354,True,True,True,0.7647,898,0.250469,0.2875,0.037031,284,1556,4560,24,22,22,22,155.104,156,4.48,Go to candidate 22.,True,True,True,True,False,,False,False,False,,New Scene Phase G long rollout data collection,building_scene_1_scene_20260608_171052,/home/ubuntu22/VLA/scenes/new_scene_building_scene_1_repaired/building_scene_1_repaired.usda,unitree_a1,existing_usd_prim,real_isaac_omniverse_rgbd,depth_backprojection,false,false
6,14,1780916421.306,-1.9173,-1.1083,0.5967,0.0354,-0.4222,-4.3837,0.5967,-1.1427,True,True,True,0.8642,1031,0.2875,0.323594,0.036094,284,1787,4329,24,17,17,18,168.0172,169,4.9141,Go to candidate 18.,True,True,True,True,False,,False,False,False,,New Scene Phase G long rollout data collection,building_scene_1_scene_20260608_171052,/home/ubuntu22/VLA/scenes/new_scene_building_scene_1_repaired/building_scene_1_repaired.usda,unitree_a1,existing_usd_prim,real_isaac_omniverse_rgbd,depth_backprojection,false,false
6,15,1780916421.807,-0.4222,-4.3837,0.5967,-1.1427,1.7758,-4.3056,0.5967,0.0354,True,True,True,0.7795,914,0.323594,0.339062,0.015468,284,1886,4230,24,22,22,13,173.448,174,2.76,Go to candidate 13.,True,True,True,True,False,,False,False,False,,New Scene Phase G long rollout data collection,building_scene_1_scene_20260608_171052,/home/ubuntu22/VLA/scenes/new_scene_building_scene_1_repaired/building_scene_1_repaired.usda,unitree_a1,existing_usd_prim,real_isaac_omniverse_rgbd,depth_backprojection,false,false
6,16,1780916422.297,1.7758,-4.3056,0.5967,0.0354,2.7129,-4.6553,0.5967,-0.3573,True,True,True,0.7828,926,0.339062,0.340938,0.001876,284,1898,4218,24,21,21,3,170.7749,171,1.1257,Go to candidate 3.,True,True,True,True,False,,False,False,False,,New Scene Phase G long rollout data collection,building_scene_1_scene_20260608_171052,/home/ubuntu22/VLA/scenes/new_scene_building_scene_1_repaired/building_scene_1_repaired.usda,unitree_a1,existing_usd_prim,real_isaac_omniverse_rgbd,depth_backprojection,false,false
6,17,1780916422.785,2.7129,-4.6553,0.5967,-0.3573,3.4448,-5.3371,0.5967,-0.75,True,True,True,0.75,880,0.340938,0.357656,0.016718,284,2005,4111,24,23,22,3,174.7583,175,1.2085,Go to candidate 3.,True,True,True,True,False,,False,False,False,,New Scene Phase G long rollout data collection,building_scene_1_scene_20260608_171052,/home/ubuntu22/VLA/scenes/new_scene_building_scene_1_repaired/building_scene_1_repaired.usda,unitree_a1,existing_usd_prim,real_isaac_omniverse_rgbd,depth_backprojection,false,false
6,18,1780916423.268,3.4448,-5.3371,0.5967,-0.75,4.3814,-5.6868,0.5967,-0.3573,True,True,True,0.7632,894,0.357656,0.359531,0.001875,284,2017,4099,24,23,23,4,167.7189,168,1.4057,Go to candidate 4.,True,True,True,True,False,,False,False,False,,New Scene Phase G long rollout data collection,building_scene_1_scene_20260608_171052,/home/ubuntu22/VLA/scenes/new_scene_building_scene_1_repaired/building_scene_1_repaired.usda,unitree_a1,existing_usd_prim,real_isaac_omniverse_rgbd,depth_backprojection,false,false
6,19,1780916423.772,4.3814,-5.6868,0.5967,-0.3573,5.0624,-4.9552,0.5967,0.8208,True,True,True,0.75,880,0.359531,0.377812,0.018281,289,2129,3982,24,23,23,5,138.7743,139,1.1285,Go to candidate 5.,True,True,True,True,False,,False,False,False,,New Scene Phase G long rollout data collection,building_scene_1_scene_20260608_171052,/home/ubuntu22/VLA/scenes/new_scene_building_scene_1_repaired/building_scene_1_repaired.usda,unitree_a1,existing_usd_prim,real_isaac_omniverse_rgbd,depth_backprojection,false,false
7,0,1780916424.37,0.6495,-2.5497,0.5967,1.0,-0.6059,-0.7437,0.5967,2.1781,True,True,True,1.0,1200,0.025313,0.031406,0.031406,95,106,6199,24,23,23,13,187.412,188,2.9399,Go to candidate 13.,True,True,True,True,False,,False,False,False,,New Scene Phase G long rollout data collection,building_scene_1_scene_20260608_171052,/home/ubuntu22/VLA/scenes/new_scene_building_scene_1_repaired/building_scene_1_repaired.usda,unitree_a1,existing_usd_prim,real_isaac_omniverse_rgbd,depth_backprojection,false,false
7,1,1780916424.89,-0.6059,-0.7437,0.5967,2.1781,2.4242,-2.6879,0.5967,-0.5708,True,True,True,1.0,1200,0.031406,0.032969,0.001563,95,116,6189,24,19,19,16,187.0903,188,4.5484,Go to candidate 16.,True,True,True,True,False,,False,False,False,,New Scene Phase G long rollout data collection,building_scene_1_scene_20260608_171052,/home/ubuntu22/VLA/scenes/new_scene_building_scene_1_repaired/building_scene_1_repaired.usda,unitree_a1,existing_usd_prim,real_isaac_omniverse_rgbd,depth_backprojection,false,false
7,2,1780916425.44,2.4242,-2.6879,0.5967,-0.5708,-1.1193,-2.0512,0.5967,2.9635,True,True,True,0.7508,880,0.032969,0.061719,0.02875,112,283,6005,24,22,21,16,189.0943,190,4.5285,Go to candidate 16.,True,True,True,True,False,,False,False,False,,New Scene Phase G long rollout data collection,building_scene_1_scene_20260608_171052,/home/ubuntu22/VLA/scenes/new_scene_building_scene_1_repaired/building_scene_1_repaired.usda,unitree_a1,existing_usd_prim,real_isaac_omniverse_rgbd,depth_backprojection,false,false
7,3,1780916425.947,-1.1193,-2.0512,0.5967,2.9635,-2.3074,-3.9021,0.5967,-2.1416,True,True,True,0.8727,1032,0.061719,0.127969,0.06625,112,707,5581,24,20,20,13,188.4126,189,2.9371,Go to candidate 13.,True,True,True,True,False,,False,False,False,,New Scene Phase G long rollout data collection,building_scene_1_scene_20260608_171052,/home/ubuntu22/VLA/scenes/new_scene_building_scene_1_repaired/building_scene_1_repaired.usda,unitree_a1,existing_usd_prim,real_isaac_omniverse_rgbd,depth_backprojection,false,false
7,4,1780916426.462,-2.3074,-3.9021,0.5967,-2.1416,-1.7368,-4.7226,0.5967,-0.9635,True,True,True,0.774,918,0.127969,0.167031,0.039062,112,957,5331,24,24,22,5,187.7423,188,1.2885,Go to candidate 5.,True,True,True,True,False,,False,False,False,,New Scene Phase G long rollout data collection,building_scene_1_scene_20260608_171052,/home/ubuntu22/VLA/scenes/new_scene_building_scene_1_repaired/building_scene_1_repaired.usda,unitree_a1,existing_usd_prim,real_isaac_omniverse_rgbd,depth_backprojection,false,false
7,5,1780916426.994,-1.7368,-4.7226,0.5967,-0.9635,1.78,-3.9558,0.5967,0.2146,True,True,True,0.7798,914,0.167031,0.208125,0.041094,123,1209,5068,24,24,24,21,180.0143,181,4.9285,Go to candidate 21.,True,True,True,True,False,,False,False,False,,New Scene Phase G long rollout data collection,building_scene_1_scene_20260608_171052,/home/ubuntu22/VLA/scenes/new_scene_building_scene_1_repaired/building_scene_1_repaired.usda,unitree_a1,existing_usd_prim,real_isaac_omniverse_rgbd,depth_backprojection,false,false
7,6,1780916427.523,1.78,-3.9558,0.5967,0.2146,3.036,-5.7626,0.5967,-0.9635,True,True,True,0.8372,993,0.208125,0.233125,0.025,123,1369,4908,24,22,22,10,186.4126,187,2.9371,Go to candidate 10.,True,True,True,True,False,,False,False,False,,New Scene Phase G long rollout data collection,building_scene_1_scene_20260608_171052,/home/ubuntu22/VLA/scenes/new_scene_building_scene_1_repaired/building_scene_1_repaired.usda,unitree_a1,existing_usd_prim,real_isaac_omniverse_rgbd,depth_backprojection,false,false
7,7,1780916428.025,3.036,-5.7626,0.5967,-0.9635,5.1849,-5.2939,0.5967,0.2146,True,True,True,0.7806,915,0.233125,0.239375,0.00625,123,1409,4868,24,24,24,13,187.3663,188,3.1685,Go to candidate 13.,True,True,True,True,False,,False,False,False,,New Scene Phase G long rollout data collection,building_scene_1_scene_20260608_171052,/home/ubuntu22/VLA/scenes/new_scene_building_scene_1_repaired/building_scene_1_repaired.usda,unitree_a1,existing_usd_prim,real_isaac_omniverse_rgbd,depth_backprojection,false,false
7,8,1780916428.528,5.1849,-5.2939,0.5967,0.2146,5.7561,-6.1153,0.5967,-0.9635,True,True,True,0.7579,893,0.239375,0.259688,0.020313,123,1539,4738,24,23,23,2,185.7423,186,1.2885,Go to candidate 2.,True,True,True,True,False,,False,False,False,,New Scene Phase G long rollout data collection,building_scene_1_scene_20260608_171052,/home/ubuntu22/VLA/scenes/new_scene_building_scene_1_repaired/building_scene_1_repaired.usda,unitree_a1,existing_usd_prim,real_isaac_omniverse_rgbd,depth_backprojection,false,false
7,9,1780916429.022,5.7561,-6.1153,0.5967,-0.9635,3.6062,-6.5847,0.5967,-2.927,True,True,True,0.7858,930,0.259688,0.270313,0.010625,123,1607,4670,24,22,22,9,173.3663,174,3.1685,Go to candidate 9.,True,True,True,True,False,,False,False,False,,New Scene Phase G long rollout data collection,building_scene_1_scene_20260608_171052,/home/ubuntu22/VLA/scenes/new_scene_building_scene_1_repaired/building_scene_1_repaired.usda,unitree_a1,existing_usd_prim,real_isaac_omniverse_rgbd,depth_backprojection,false,false
7,10,1780916429.536,3.6062,-6.5847,0.5967,-2.927,5.4124,-5.3282,0.5967,0.6073,True,True,True,0.7541,887,0.270313,0.284219,0.013906,123,1696,4581,24,24,24,8,168.444,169,2.7799,Go to candidate 8.,True,True,True,True,False,,False,False,False,,New Scene Phase G long rollout data collection,building_scene_1_scene_20260608_171052,/home/ubuntu22/VLA/scenes/new_scene_building_scene_1_repaired/building_scene_1_repaired.usda,unitree_a1,existing_usd_prim,real_isaac_omniverse_rgbd,depth_backprojection,false,false
7,11,1780916430.018,5.4124,-5.3282,0.5967,0.6073,3.2634,-5.7979,0.5967,-2.927,True,True,True,0.8572,1024,0.284219,0.293281,0.009062,123,1754,4523,24,23,22,15,162.4383,163,2.8085,Go to candidate 15.,True,True,True,True,False,,False,False,False,,New Scene Phase G long rollout data collection,building_scene_1_scene_20260608_171052,/home/ubuntu22/VLA/scenes/new_scene_building_scene_1_repaired/building_scene_1_repaired.usda,unitree_a1,existing_usd_prim,real_isaac_omniverse_rgbd,depth_backprojection,false,false
7,12,1780916430.494,3.2634,-5.7979,0.5967,-2.927,2.279,-5.6207,0.5967,2.9635,True,True,True,0.7533,884,0.293281,0.342344,0.049063,125,2066,4209,24,24,24,3,169.7514,170,1.2428,Go to candidate 3.,True,True,True,True,False,,False,False,False,,New Scene Phase G long rollout data collection,building_scene_1_scene_20260608_171052,/home/ubuntu22/VLA/scenes/new_scene_building_scene_1_repaired/building_scene_1_repaired.usda,unitree_a1,existing_usd_prim,real_isaac_omniverse_rgbd,depth_backprojection,false,false
7,13,1780916431.005,2.279,-5.6207,0.5967,2.9635,3.256,-5.4066,0.5967,0.2146,True,True,True,0.8253,972,0.342344,0.350938,0.008594,125,2121,4154,24,24,24,0,148.7674,149,1.1628,Go to candidate 0.,True,True,True,True,False,,False,False,False,,New Scene Phase G long rollout data collection,building_scene_1_scene_20260608_171052,/home/ubuntu22/VLA/scenes/new_scene_building_scene_1_repaired/building_scene_1_repaired.usda,unitree_a1,existing_usd_prim,real_isaac_omniverse_rgbd,depth_backprojection,false,false
7,14,1780916431.491,3.256,-5.4066,0.5967,0.2146,5.4214,-5.7963,0.5967,-0.1781,True,True,True,0.7893,934,0.350938,0.351562,0.000624,125,2125,4150,24,24,24,11,168.4389,169,2.8057,Go to candidate 11.,True,True,True,True,False,,False,False,False,,New Scene Phase G long rollout data collection,building_scene_1_scene_20260608_171052,/home/ubuntu22/VLA/scenes/new_scene_building_scene_1_repaired/building_scene_1_repaired.usda,unitree_a1,existing_usd_prim,real_isaac_omniverse_rgbd,depth_backprojection,false,false
7,15,1780916431.999,5.4214,-5.7963,0.5967,-0.1781,3.5698,-4.6087,0.5967,2.5708,True,True,True,0.75,880,0.351562,0.408125,0.056563,214,2398,3788,24,23,22,15,135.4766,136,2.6171,Go to candidate 15.,True,True,True,True,False,,False,False,False,,New Scene Phase G long rollout data collection,building_scene_1_scene_20260608_171052,/home/ubuntu22/VLA/scenes/new_scene_building_scene_1_repaired/building_scene_1_repaired.usda,unitree_a1,existing_usd_prim,real_isaac_omniverse_rgbd,depth_backprojection,false,false
7,16,1780916432.527,3.5698,-4.6087,0.5967,2.5708,5.7354,-4.9973,0.5967,-0.1781,True,True,True,0.9427,1122,0.408125,0.40875,0.000625,214,2402,3784,24,23,23,8,173.4949,174,2.5257,Go to candidate 8.,True,True,True,True,False,,False,False,False,,New Scene Phase G long rollout data collection,building_scene_1_scene_20260608_171052,/home/ubuntu22/VLA/scenes/new_scene_building_scene_1_repaired/building_scene_1_repaired.usda,unitree_a1,existing_usd_prim,real_isaac_omniverse_rgbd,depth_backprojection,false,false
7,17,1780916432.992,5.7354,-4.9973,0.5967,-0.1781,6.5771,-5.5377,0.5967,-0.5708,True,True,True,0.75,880,0.40875,0.410625,0.001875,214,2414,3772,24,22,21,3,134.7749,135,1.1257,Go to candidate 3.,True,True,True,True,False,,False,False,False,,New Scene Phase G long rollout data collection,building_scene_1_scene_20260608_171052,/home/ubuntu22/VLA/scenes/new_scene_building_scene_1_repaired/building_scene_1_repaired.usda,unitree_a1,existing_usd_prim,real_isaac_omniverse_rgbd,depth_backprojection,false,false
7,18,1780916433.465,6.5771,-5.5377,0.5967,-0.5708,3.6208,-7.593,0.5967,-2.5343,True,True,True,0.75,880,0.410625,0.423906,0.013281,214,2499,3687,24,21,21,17,112.1057,113,4.4713,Go to candidate 17.,True,True,True,True,False,,False,False,False,,New Scene Phase G long rollout data collection,building_scene_1_scene_20260608_171052,/home/ubuntu22/VLA/scenes/new_scene_building_scene_1_repaired/building_scene_1_repaired.usda,unitree_a1,existing_usd_prim,real_isaac_omniverse_rgbd,depth_backprojection,false,false
7,19,1780916433.939,3.6208,-7.593,0.5967,-2.5343,5.7699,-7.1234,0.5967,0.2146,True,True,True,0.7928,934,0.423906,0.425,0.001094,214,2506,3680,24,22,22,15,163.3983,164,3.0085,Go to candidate 15.,True,True,True,True,False,,False,False,False,,New Scene Phase G long rollout data collection,building_scene_1_scene_20260608_171052,/home/ubuntu22/VLA/scenes/new_scene_building_scene_1_repaired/building_scene_1_repaired.usda,unitree_a1,existing_usd_prim,real_isaac_omniverse_rgbd,depth_backprojection,false,false
8,0,1780916434.491,-0.6495,-2.5497,0.5967,-1.0,-2.4569,-1.295,0.5967,2.5343,True,True,True,0.7608,893,0.038594,0.060781,0.060781,28,361,6011,24,24,24,8,187.4126,188,2.9371,Go to candidate 8.,True,True,True,True,False,,False,False,False,,New Scene Phase G long rollout data collection,building_scene_1_scene_20260608_171052,/home/ubuntu22/VLA/scenes/new_scene_building_scene_1_repaired/building_scene_1_repaired.usda,unitree_a1,existing_usd_prim,real_isaac_omniverse_rgbd,depth_backprojection,false,false
8,1,1780916435.083,-2.4569,-1.295,0.5967,2.5343,-1.9886,0.8551,0.5967,1.3562,True,True,True,0.9991,1196,0.060781,0.088281,0.0275,43,522,5835,24,24,24,10,186.3503,187,3.2485,Go to candidate 10.,True,True,True,True,False,,False,False,False,,New Scene Phase G long rollout data collection,building_scene_1_scene_20260608_171052,/home/ubuntu22/VLA/scenes/new_scene_building_scene_1_repaired/building_scene_1_repaired.usda,unitree_a1,existing_usd_prim,real_isaac_omniverse_rgbd,depth_backprojection,false,false
8,2,1780916435.641,-1.9886,0.8551,0.5967,1.3562,-1.004,1.0328,0.5967,0.1781,True,True,True,1.0,1200,0.088281,0.098125,0.009844,54,574,5772,24,22,22,2,187.736,188,1.32,Go to candidate 2.,True,True,True,True,False,,False,False,False,,New Scene Phase G long rollout data collection,building_scene_1_scene_20260608_171052,/home/ubuntu22/VLA/scenes/new_scene_building_scene_1_repaired/building_scene_1_repaired.usda,unitree_a1,existing_usd_prim,real_isaac_omniverse_rgbd,depth_backprojection,false,false
8,3,1780916436.171,-1.004,1.0328,0.5967,0.1781,2.5136,0.2661,0.5967,-0.2146,True,True,True,1.0,1200,0.098125,0.107969,0.009844,78,613,5709,24,21,21,19,184.1263,185,4.3685,Go to candidate 19.,True,True,True,True,False,,False,False,False,,New Scene Phase G long rollout data collection,building_scene_1_scene_20260608_171052,/home/ubuntu22/VLA/scenes/new_scene_building_scene_1_repaired/building_scene_1_repaired.usda,unitree_a1,existing_usd_prim,real_isaac_omniverse_rgbd,depth_backprojection,false,false
8,4,1780916436.719,2.5136,0.2661,0.5967,-0.2146,1.9434,-0.556,0.5967,-2.1781,True,True,True,1.0,1200,0.107969,0.1425,0.034531,142,770,5488,24,21,21,1,186.7023,187,1.4885,Go to candidate 1.,True,True,True,True,False,,False,False,False,,New Scene Phase G long rollout data collection,building_scene_1_scene_20260608_171052,/home/ubuntu22/VLA/scenes/new_scene_building_scene_1_repaired/building_scene_1_repaired.usda,unitree_a1,existing_usd_prim,real_isaac_omniverse_rgbd,depth_backprojection,false,false
8,5,1780916437.251,1.9434,-0.556,0.5967,-2.1781,2.4108,1.594,0.5967,1.3562,True,True,True,0.759,889,0.1425,0.153438,0.010938,156,826,5418,24,19,19,8,186.4143,187,2.9285,Go to candidate 8.,True,True,True,True,False,,False,False,False,,New Scene Phase G long rollout data collection,building_scene_1_scene_20260608_171052,/home/ubuntu22/VLA/scenes/new_scene_building_scene_1_repaired/building_scene_1_repaired.usda,unitree_a1,existing_usd_prim,real_isaac_omniverse_rgbd,depth_backprojection,false,false
8,6,1780916437.79,2.4108,1.594,0.5967,1.3562,3.0497,-1.9491,0.5967,-1.3927,True,True,True,1.0,1200,0.153438,0.189688,0.03625,156,1058,5186,24,21,21,16,181.0783,182,4.6085,Go to candidate 16.,True,True,True,True,False,,False,False,False,,New Scene Phase G long rollout data collection,building_scene_1_scene_20260608_171052,/home/ubuntu22/VLA/scenes/new_scene_building_scene_1_repaired/building_scene_1_repaired.usda,unitree_a1,existing_usd_prim,real_isaac_omniverse_rgbd,depth_backprojection,false,false
8,7,1780916438.292,3.0497,-1.9491,0.5967,-1.3927,4.0263,-2.1616,0.5967,-0.2146,True,True,True,0.7672,895,0.189688,0.19375,0.004062,156,1084,5160,24,20,20,5,183.7029,184,1.4857,Go to candidate 5.,True,True,True,True,False,,False,False,False,,New Scene Phase G long rollout data collection,building_scene_1_scene_20260608_171052,/home/ubuntu22/VLA/scenes/new_scene_building_scene_1_repaired/building_scene_1_repaired.usda,unitree_a1,existing_usd_prim,real_isaac_omniverse_rgbd,depth_backprojection,false,false
8,8,1780916438.795,4.0263,-2.1616,0.5967,-0.2146,4.8477,-2.7324,0.5967,-0.6073,True,True,True,0.75,880,0.19375,0.195625,0.001875,156,1096,5148,24,20,20,3,165.7749,166,1.1257,Go to candidate 3.,True,True,True,True,False,,False,False,False,,New Scene Phase G long rollout data collection,building_scene_1_scene_20260608_171052,/home/ubuntu22/VLA/scenes/new_scene_building_scene_1_repaired/building_scene_1_repaired.usda,unitree_a1,existing_usd_prim,real_isaac_omniverse_rgbd,depth_backprojection,false,false
8,9,1780916439.565,4.8477,-2.7324,0.5967,-0.6073,5.3882,-3.5741,0.5967,-1.0,True,True,True,0.7504,880,0.195625,0.209219,0.013594,156,1183,5061,24,19,19,3,150.7023,151,1.4885,Go to candidate 3.,True,True,True,True,False,,False,False,False,,New Scene Phase G long rollout data collection,building_scene_1_scene_20260608_171052,/home/ubuntu22/VLA/scenes/new_scene_building_scene_1_repaired/building_scene_1_repaired.usda,unitree_a1,existing_usd_prim,real_isaac_omniverse_rgbd,depth_backprojection,false,false
8,10,1780916440.042,5.3882,-3.5741,0.5967,-1.0,5.2099,-2.5903,0.5967,1.7489,True,True,True,0.7544,886,0.209219,0.222656,0.013437,169,1256,4975,24,19,19,7,160.7514,161,1.2428,Go to candidate 7.,True,True,True,True,False,,False,False,False,,New Scene Phase G long rollout data collection,building_scene_1_scene_20260608_171052,/home/ubuntu22/VLA/scenes/new_scene_building_scene_1_repaired/building_scene_1_repaired.usda,unitree_a1,existing_usd_prim,real_isaac_omniverse_rgbd,depth_backprojection,false,false
8,11,1780916440.57,5.2099,-2.5903,0.5967,1.7489,4.7425,-4.7399,0.5967,-1.7854,True,True,True,1.0,1200,0.222656,0.262656,0.04,169,1512,4719,24,18,18,15,148.4543,149,2.7285,Go to candidate 15.,True,True,True,True,False,,False,False,False,,New Scene Phase G long rollout data collection,building_scene_1_scene_20260608_171052,/home/ubuntu22/VLA/scenes/new_scene_building_scene_1_repaired/building_scene_1_repaired.usda,unitree_a1,existing_usd_prim,real_isaac_omniverse_rgbd,depth_backprojection,false,false
8,12,1780916441.072,4.7425,-4.7399,0.5967,-1.7854,1.199,-5.3782,0.5967,-2.9635,True,True,True,0.8019,954,0.262656,0.279375,0.016719,169,1619,4612,24,21,21,18,128.1417,129,4.2914,Go to candidate 18.,True,True,True,True,False,,False,False,False,,New Scene Phase G long rollout data collection,building_scene_1_scene_20260608_171052,/home/ubuntu22/VLA/scenes/new_scene_building_scene_1_repaired/building_scene_1_repaired.usda,unitree_a1,existing_usd_prim,real_isaac_omniverse_rgbd,depth_backprojection,false,false
8,13,1780916441.565,1.199,-5.3782,0.5967,-2.9635,-2.3186,-4.6115,0.5967,2.927,True,True,True,0.7542,888,0.279375,0.308906,0.029531,169,1808,4423,24,23,23,19,185.0537,186,4.7314,Go to candidate 19.,True,True,True,True,False,,False,False,False,,New Scene Phase G long rollout data collection,building_scene_1_scene_20260608_171052,/home/ubuntu22/VLA/scenes/new_scene_building_scene_1_repaired/building_scene_1_repaired.usda,unitree_a1,existing_usd_prim,real_isaac_omniverse_rgbd,depth_backprojection,false,false
8,14,1780916442.05,-2.3186,-4.6115,0.5967,2.927,-4.4836,-5.0013,0.5967,-2.9635,True,True,True,0.8183,963,0.308906,0.310625,0.001719,169,1819,4412,24,23,23,12,186.3829,187,3.0857,Go to candidate 12.,True,True,True,True,False,,False,False,False,,New Scene Phase G long rollout data collection,building_scene_1_scene_20260608_171052,/home/ubuntu22/VLA/scenes/new_scene_building_scene_1_repaired/building_scene_1_repaired.usda,unitree_a1,existing_usd_prim,real_isaac_omniverse_rgbd,depth_backprojection,false,false
8,15,1780916442.532,-4.4836,-5.0013,0.5967,-2.9635,-5.3248,-5.5415,0.5967,-2.5708,True,True,True,0.75,880,0.310625,0.331406,0.020781,169,1952,4279,24,24,24,4,183.7749,184,1.1257,Go to candidate 4.,True,True,True,True,False,,False,False,False,,New Scene Phase G long rollout data collection,building_scene_1_scene_20260608_171052,/home/ubuntu22/VLA/scenes/new_scene_building_scene_1_repaired/building_scene_1_repaired.usda,unitree_a1,existing_usd_prim,real_isaac_omniverse_rgbd,depth_backprojection,false,false
8,16,1780916443.061,-5.3248,-5.5415,0.5967,-2.5708,-4.341,-5.3633,0.5967,0.1781,True,True,True,0.7644,897,0.331406,0.379219,0.047813,189,2238,3973,24,23,23,7,167.736,168,1.32,Go to candidate 7.,True,True,True,True,False,,False,False,False,,New Scene Phase G long rollout data collection,building_scene_1_scene_20260608_171052,/home/ubuntu22/VLA/scenes/new_scene_building_scene_1_repaired/building_scene_1_repaired.usda,unitree_a1,existing_usd_prim,real_isaac_omniverse_rgbd,depth_backprojection,false,false
8,17,1780916443.543,-4.341,-5.3633,0.5967,0.1781,-5.3181,-5.1515,0.5967,2.927,True,True,True,0.8354,991,0.379219,0.384375,0.005156,189,2271,3940,24,24,24,7,185.7674,186,1.1628,Go to candidate 7.,True,True,True,True,False,,False,False,False,,New Scene Phase G long rollout data collection,building_scene_1_scene_20260608_171052,/home/ubuntu22/VLA/scenes/new_scene_building_scene_1_repaired/building_scene_1_repaired.usda,unitree_a1,existing_usd_prim,real_isaac_omniverse_rgbd,depth_backprojection,false,false
8,18,1780916444.042,-5.3181,-5.1515,0.5967,2.927,-5.1403,-6.135,0.5967,-1.3927,True,True,True,0.7589,888,0.384375,0.415156,0.030781,189,2468,3743,24,23,23,6,175.8074,176,0.9628,Go to candidate 6.,True,True,True,True,False,,False,False,False,,New Scene Phase G long rollout data collection,building_scene_1_scene_20260608_171052,/home/ubuntu22/VLA/scenes/new_scene_building_scene_1_repaired/building_scene_1_repaired.usda,unitree_a1,existing_usd_prim,real_isaac_omniverse_rgbd,depth_backprojection,false,false
8,19,1780916444.543,-5.1403,-6.135,0.5967,-1.3927,-6.1181,-5.9228,0.5967,2.927,True,True,True,0.8211,964,0.415156,0.416406,0.00125,189,2476,3735,24,23,23,1,157.7514,158,1.2428,Go to candidate 1.,True,True,True,True,False,,False,False,False,,New Scene Phase G long rollout data collection,building_scene_1_scene_20260608_171052,/home/ubuntu22/VLA/scenes/new_scene_building_scene_1_repaired/building_scene_1_repaired.usda,unitree_a1,existing_usd_prim,real_isaac_omniverse_rgbd,depth_backprojection,false,false
9,0,1780916445.146,-0.0006,-1.3998,0.5967,1.25,0.9974,-1.3276,0.5967,0.0719,True,True,True,0.9665,1158,0.043594,0.070625,0.070625,68,384,5948,24,24,24,2,187.792,188,1.04,Go to candidate 2.,True,True,True,True,False,,False,False,False,,New Scene Phase G long rollout data collection,building_scene_1_scene_20260608_171052,/home/ubuntu22/VLA/scenes/new_scene_building_scene_1_repaired/building_scene_1_repaired.usda,unitree_a1,existing_usd_prim,real_isaac_omniverse_rgbd,depth_backprojection,false,false
9,1,1780916445.685,0.9974,-1.3276,0.5967,0.0719,-0.1372,-4.7447,0.5967,-1.8916,True,True,True,0.8633,1032,0.070625,0.11125,0.040625,68,644,5688,24,21,21,17,185.9812,187,5.0942,Go to candidate 17.,True,True,True,True,False,,False,False,False,,New Scene Phase G long rollout data collection,building_scene_1_scene_20260608_171052,/home/ubuntu22/VLA/scenes/new_scene_building_scene_1_repaired/building_scene_1_repaired.usda,unitree_a1,existing_usd_prim,real_isaac_omniverse_rgbd,depth_backprojection,false,false
9,2,1780916446.192,-0.1372,-4.7447,0.5967,-1.8916,0.6187,-5.3986,0.5967,-0.7135,True,True,True,0.7911,930,0.11125,0.128125,0.016875,68,752,5580,24,24,24,5,189.7423,190,1.2885,Go to candidate 5.,True,True,True,True,False,,False,False,False,,New Scene Phase G long rollout data collection,building_scene_1_scene_20260608_171052,/home/ubuntu22/VLA/scenes/new_scene_building_scene_1_repaired/building_scene_1_repaired.usda,unitree_a1,existing_usd_prim,real_isaac_omniverse_rgbd,depth_backprojection,false,false
9,3,1780916446.694,0.6187,-5.3986,0.5967,-0.7135,2.7063,-6.0922,0.5967,-0.3208,True,True,True,0.759,892,0.128125,0.129844,0.001719,68,763,5569,24,24,24,12,186.3983,187,3.0085,Go to candidate 12.,True,True,True,True,False,,False,False,False,,New Scene Phase G long rollout data collection,building_scene_1_scene_20260608_171052,/home/ubuntu22/VLA/scenes/new_scene_building_scene_1_repaired/building_scene_1_repaired.usda,unitree_a1,existing_usd_prim,real_isaac_omniverse_rgbd,depth_backprojection,false,false
9,4,1780916447.224,2.7063,-6.0922,0.5967,-0.3208,4.1456,-4.429,0.5967,0.8573,True,True,True,0.75,880,0.129844,0.165,0.035156,70,986,5344,24,23,23,13,188.452,189,2.7399,Go to candidate 13.,True,True,True,True,False,,False,False,False,,New Scene Phase G long rollout data collection,building_scene_1_scene_20260608_171052,/home/ubuntu22/VLA/scenes/new_scene_building_scene_1_repaired/building_scene_1_repaired.usda,unitree_a1,existing_usd_prim,real_isaac_omniverse_rgbd,depth_backprojection,false,false
9,5,1780916447.759,4.1456,-4.429,0.5967,0.8573,4.5946,-5.3231,0.5967,-1.1062,True,True,True,0.9624,1155,0.165,0.184531,0.019531,70,1111,5219,24,24,23,1,187.7589,188,1.2057,Go to candidate 1.,True,True,True,True,False,,False,False,False,,New Scene Phase G long rollout data collection,building_scene_1_scene_20260608_171052,/home/ubuntu22/VLA/scenes/new_scene_building_scene_1_repaired/building_scene_1_repaired.usda,unitree_a1,existing_usd_prim,real_isaac_omniverse_rgbd,depth_backprojection,false,false
9,6,1780916448.307,4.5946,-5.3231,0.5967,-1.1062,3.8376,-4.6693,0.5967,2.4281,True,True,True,0.7749,911,0.184531,0.301406,0.116875,215,1714,4471,24,23,23,0,189.7823,190,1.0885,Go to candidate 0.,True,True,True,True,False,,False,False,False,,New Scene Phase G long rollout data collection,building_scene_1_scene_20260608_171052,/home/ubuntu22/VLA/scenes/new_scene_building_scene_1_repaired/building_scene_1_repaired.usda,unitree_a1,existing_usd_prim,real_isaac_omniverse_rgbd,depth_backprojection,false,false
9,7,1780916448.845,3.8376,-4.6693,0.5967,2.4281,4.7872,-4.9836,0.5967,-0.3208,True,True,True,0.9825,1173,0.301406,0.302656,0.00125,215,1722,4463,24,23,22,0,182.7914,183,1.0428,Go to candidate 0.,True,True,True,True,False,,False,False,False,,New Scene Phase G long rollout data collection,building_scene_1_scene_20260608_171052,/home/ubuntu22/VLA/scenes/new_scene_building_scene_1_repaired/building_scene_1_repaired.usda,unitree_a1,existing_usd_prim,real_isaac_omniverse_rgbd,depth_backprojection,false,false
9,8,1780916449.33,4.7872,-4.9836,0.5967,-0.3208,5.5434,-5.6382,0.5967,-0.7135,True,True,True,0.75,880,0.302656,0.312188,0.009532,215,1783,4402,24,22,21,3,139.7257,140,1.3714,Go to candidate 3.,True,True,True,True,False,,False,False,False,,New Scene Phase G long rollout data collection,building_scene_1_scene_20260608_171052,/home/ubuntu22/VLA/scenes/new_scene_building_scene_1_repaired/building_scene_1_repaired.usda,unitree_a1,existing_usd_prim,real_isaac_omniverse_rgbd,depth_backprojection,false,false
9,9,1780916449.808,5.5434,-5.6382,0.5967,-0.7135,4.6493,-6.0873,0.5967,-2.677,True,True,True,0.7687,904,0.312188,0.323125,0.010937,215,1853,4332,24,22,21,1,144.7909,145,1.0457,Go to candidate 1.,True,True,True,True,False,,False,False,False,,New Scene Phase G long rollout data collection,building_scene_1_scene_20260608_171052,/home/ubuntu22/VLA/scenes/new_scene_building_scene_1_repaired/building_scene_1_repaired.usda,unitree_a1,existing_usd_prim,real_isaac_omniverse_rgbd,depth_backprojection,false,false
9,10,1780916450.296,4.6493,-6.0873,0.5967,-2.677,5.6464,-6.0143,0.5967,0.0719,True,True,True,0.7676,907,0.323125,0.324062,0.000937,215,1859,4326,24,22,22,7,141.752,142,1.24,Go to candidate 7.,True,True,True,True,False,,False,False,False,,New Scene Phase G long rollout data collection,building_scene_1_scene_20260608_171052,/home/ubuntu22/VLA/scenes/new_scene_building_scene_1_repaired/building_scene_1_repaired.usda,unitree_a1,existing_usd_prim,real_isaac_omniverse_rgbd,depth_backprojection,false,false
9,11,1780916450.799,5.6464,-6.0143,0.5967,0.0719,4.6973,-5.7001,0.5967,2.8208,True,True,True,0.75,880,0.324062,0.339062,0.015,235,1935,4230,24,21,19,7,125.7509,126,1.2457,Go to candidate 7.,True,True,True,True,False,,False,False,False,,New Scene Phase G long rollout data collection,building_scene_1_scene_20260608_171052,/home/ubuntu22/VLA/scenes/new_scene_building_scene_1_repaired/building_scene_1_repaired.usda,unitree_a1,existing_usd_prim,real_isaac_omniverse_rgbd,depth_backprojection,false,false
9,12,1780916451.297,4.6973,-5.7001,0.5967,2.8208,5.6948,-5.6272,0.5967,0.0719,True,True,True,0.8615,1018,0.339062,0.339687,0.000625,235,1939,4226,24,23,21,0,138.784,139,1.08,Go to candidate 0.,True,True,True,True,False,,False,False,False,,New Scene Phase G long rollout data collection,building_scene_1_scene_20260608_171052,/home/ubuntu22/VLA/scenes/new_scene_building_scene_1_repaired/building_scene_1_repaired.usda,unitree_a1,existing_usd_prim,real_isaac_omniverse_rgbd,depth_backprojection,false,false
9,13,1780916451.732,5.6948,-5.6272,0.5967,0.0719,4.8011,-6.0763,0.5967,-2.677,True,True,True,0.75,880,0.339687,0.340469,0.000782,235,1944,4221,24,22,21,0,115.7909,116,1.0457,Go to candidate 0.,True,True,True,True,False,,False,False,False,,New Scene Phase G long rollout data collection,building_scene_1_scene_20260608_171052,/home/ubuntu22/VLA/scenes/new_scene_building_scene_1_repaired/building_scene_1_repaired.usda,unitree_a1,existing_usd_prim,real_isaac_omniverse_rgbd,depth_backprojection,false,false
9,14,1780916452.247,4.8011,-6.0763,0.5967,-2.677,5.4549,-5.3193,0.5967,0.8573,True,True,True,0.767,899,0.340469,0.352656,0.012187,235,2022,4143,24,22,22,0,128.7903,129,1.0485,Go to candidate 0.,True,True,True,True,False,,False,False,False,,New Scene Phase G long rollout data collection,building_scene_1_scene_20260608_171052,/home/ubuntu22/VLA/scenes/new_scene_building_scene_1_repaired/building_scene_1_repaired.usda,unitree_a1,existing_usd_prim,real_isaac_omniverse_rgbd,depth_backprojection,false,false
9,15,1780916452.743,5.4549,-5.3193,0.5967,0.8573,4.5616,-5.7683,0.5967,-2.677,True,True,True,0.9182,1097,0.352656,0.356875,0.004219,235,2049,4116,24,22,20,7,113.7509,114,1.2457,Go to candidate 7.,True,True,True,True,False,,False,False,False,,New Scene Phase G long rollout data collection,building_scene_1_scene_20260608_171052,/home/ubuntu22/VLA/scenes/new_scene_building_scene_1_repaired/building_scene_1_repaired.usda,unitree_a1,existing_usd_prim,real_isaac_omniverse_rgbd,depth_backprojection,false,false
9,16,1780916453.213,4.5616,-5.7683,0.5967,-2.677,5.5587,-5.6954,0.5967,0.0719,True,True,True,0.7643,899,0.356875,0.357031,0.000156,235,2050,4115,24,23,21,7,138.784,139,1.08,Go to candidate 7.,True,True,True,True,False,,False,False,False,,New Scene Phase G long rollout data collection,building_scene_1_scene_20260608_171052,/home/ubuntu22/VLA/scenes/new_scene_building_scene_1_repaired/building_scene_1_repaired.usda,unitree_a1,existing_usd_prim,real_isaac_omniverse_rgbd,depth_backprojection,false,false
9,17,1780916453.726,5.5587,-5.6954,0.5967,0.0719,4.5725,-3.7294,0.5967,2.0354,True,True,True,0.75,880,0.357031,0.372969,0.015938,272,2115,4013,24,22,19,14,100.5012,101,2.4942,Go to candidate 14.,True,True,True,True,False,,False,False,False,,New Scene Phase G long rollout data collection,building_scene_1_scene_20260608_171052,/home/ubuntu22/VLA/scenes/new_scene_building_scene_1_repaired/building_scene_1_repaired.usda,unitree_a1,existing_usd_prim,real_isaac_omniverse_rgbd,depth_backprojection,false,false
9,18,1780916454.245,4.5725,-3.7294,0.5967,2.0354,5.3295,-4.3832,0.5967,-0.7135,True,True,True,1.0,1200,0.372969,0.380469,0.0075,272,2163,3965,24,21,17,0,119.7583,120,1.2085,Go to candidate 0.,True,True,True,True,False,,False,False,False,,New Scene Phase G long rollout data collection,building_scene_1_scene_20260608_171052,/home/ubuntu22/VLA/scenes/new_scene_building_scene_1_repaired/building_scene_1_repaired.usda,unitree_a1,existing_usd_prim,real_isaac_omniverse_rgbd,depth_backprojection,false,false
9,19,1780916454.723,5.3295,-4.3832,0.5967,-0.7135,3.3626,-5.3699,0.5967,-2.677,True,True,True,0.7581,892,0.380469,0.390625,0.010156,272,2228,3900,24,22,19,9,111.5172,112,2.4142,Go to candidate 9.,True,True,True,True,False,,False,False,False,,New Scene Phase G long rollout data collection,building_scene_1_scene_20260608_171052,/home/ubuntu22/VLA/scenes/new_scene_building_scene_1_repaired/building_scene_1_repaired.usda,unitree_a1,existing_usd_prim,real_isaac_omniverse_rgbd,depth_backprojection,false,false
